gyro_time_list,gyro_x_list,gyro_y_list,gyro_z_list
0.0,0.0,0.0,0.0
0.008,-0.3,0.09130434782608696,0.09782608695652174
0.016,-0.3,0.05652173913043478,0.0891304347826087
0.024,-0.3,0.021739130434782594,0.08043478260869566
0.032,-0.3,-0.013043478260869587,0.07173913043478261
0.04,-0.3,-0.04782608695652177,0.06304347826086956
0.048,-0.3,-0.08260869565217394,0.05434782608695652
0.056,-0.3,-0.11739130434782613,0.04565217391304347
0.064,-0.3,-0.1521739130434783,0.03695652173913043
0.07200000000000001,-0.3,-0.1869565217391305,0.02826086956521738
0.08,-0.3,-0.22173913043478263,0.019565217391304346
0.088,-0.3,-0.25652173913043474,0.010869565217391311
0.096,-0.3,-0.29130434782608694,0.002173913043478262
0.10400000000000001,6.938893903907222e-16,0.0,6.938893903907222e-16
0.112,0.0,0.0,0.0
0.12,-0.009523809523809516,0.0,0.0
0.128,-0.01904761904761905,0.0,0.0
0.136,-0.02857142857142858,0.0,0.0
0.14400000000000002,-0.03809523809523811,0.0,0.0
0.152,-0.04761904761904761,0.0,0.0
0.16,-0.05714285714285714,0.0,0.0
0.168,-0.06666666666666668,0.0,0.0
0.176,-0.07619047619047617,0.0,0.0
0.184,-0.0857142857142857,0.0,0.0
0.192,-0.09523809523809523,0.0,0.0
0.2,-0.1,0.0,0.0
0.20800000000000002,-0.0019607843137255192,0.0,0.0
0.216,-0.00980392156862746,0.0,0.0
0.224,-0.017647058823529425,0.0,0.0
0.232,-0.025490196078431393,0.0,0.0
0.24,-0.03333333333333333,0.0,0.0
0.248,-0.0411764705882353,0.0,0.0
0.256,-0.04901960784313727,0.0,0.0
0.264,-0.056862745098039236,0.0,0.0
0.272,-0.06470588235294121,0.0,0.0
0.28,-0.07254901960784317,0.0,0.0
0.28800000000000003,-0.08039215686274515,0.0,0.0
0.296,-0.08823529411764705,0.0,0.0
0.304,-0.09607843137254903,0.0,0.0
0.312,-0.1,-0.005263157894736843,0.0
0.32,-0.1,-0.04736842105263159,0.0
0.328,-0.1,-0.08947368421052633,0.0
0.336,-0.004687500000000004,-0.1,0.0
0.34400000000000003,-0.017187500000000015,-0.1,0.0
0.352,-0.02968749999999994,-0.1,0.0
0.36,-0.04218749999999995,-0.1,0.0
0.368,-0.05468749999999996,-0.1,0.0
0.376,-0.06718749999999997,-0.1,0.0
0.384,-0.07968749999999998,-0.1,0.0
0.392,-0.09218749999999999,-0.1,0.0
0.4,-0.1,-0.1,0.1
0.40800000000000003,-0.10116279069767449,-0.1,0.1
0.41600000000000004,-0.11046511627906985,-0.1,0.1
0.424,-0.11976744186046513,-0.1,0.1
0.432,-0.1290697674418605,-0.1,0.1
0.44,-0.13837209302325584,-0.1,0.1
0.448,-0.1476744186046512,-0.1,0.1
0.456,-0.15697674418604657,-0.1,0.1
0.464,-0.16627906976744192,-0.1,0.1
0.47200000000000003,-0.17558139534883727,-0.1,0.1
0.48,-0.18488372093023256,-0.1,0.1
0.488,-0.1941860465116279,-0.1,0.1
0.496,-0.2,-0.1,0.1
0.504,-0.1,-0.1,0.2
0.512,-0.1,-0.1,0.2
0.52,-0.1,-0.1,0.2
0.528,-0.1,-0.1,0.2
0.536,-0.1,-0.1,0.2
0.544,-0.1,-0.1,0.2
0.552,-0.1,-0.1,0.2
0.56,-0.1,-0.1,0.2
0.5680000000000001,-0.1,-0.1,0.2
0.5760000000000001,-0.1,-0.1,0.2
0.584,-0.1,-0.1,0.2
0.592,-0.1,-0.1,0.2
0.6,-0.1,-0.2,0.2
0.608,-0.003921568627450985,-0.1,0.2
0.616,-0.011764705882352955,-0.1,0.2
0.624,-0.019607843137254926,-0.1,0.2
0.632,-0.027450980392156894,-0.1,0.2
0.64,-0.035294117647058865,-0.1,0.2
0.648,-0.04313725490196083,-0.1,0.2
0.656,-0.05098039215686281,-0.1,0.2
0.664,-0.058823529411764774,-0.1,0.2
0.672,-0.06666666666666675,-0.1,0.2
0.68,-0.07450980392156871,-0.1,0.2
0.6880000000000001,-0.08235294117647068,-0.1,0.2
0.6960000000000001,-0.09019607843137266,-0.1,0.2
0.704,-0.09803921568627452,-0.1,0.2
0.712,-0.1,-0.1,0.2
0.72,-0.1,-0.1,0.2
0.728,-0.1,-0.1,0.2
0.736,-0.1,-0.1,0.2
0.744,-0.038461538461538464,-0.1,0.2
0.752,0.08461538461538462,-0.1,0.2
0.76,-0.22439024390243903,-0.012195121951219514,0.2
0.768,-0.2634146341463415,-0.03170731707317074,0.2
0.776,-0.30243902439024395,-0.051219512195121955,0.2
0.784,-0.34146341463414637,-0.07073170731707318,0.2
0.792,-0.3804878048780488,-0.0902439024390244,0.2
0.8,-0.32,0.060000000000000005,0.2
0.808,-0.3035294117647059,0.0,0.2
0.8160000000000001,-0.3129411764705882,0.0,0.2
0.8240000000000001,-0.3223529411764706,0.0,0.2
0.8320000000000001,-0.33176470588235296,0.0,0.2
0.84,-0.3411764705882352,0.0,0.2
0.848,-0.3505882352941176,0.0,0.2
0.856,-0.36,0.0,0.2
0.864,-0.36941176470588233,0.0,0.2
0.872,-0.37882352941176467,0.0,0.2
0.88,-0.38823529411764707,0.0,0.2
0.888,-0.39764705882352946,0.0,0.2
0.896,-0.3972972972972973,0.0027027027027027055,0.20270270270270271
0.904,-0.3900900900900901,0.00990990990990992,0.20990990990990993
0.912,-0.38288288288288286,0.017117117117117133,0.21711711711711715
0.92,-0.37567567567567567,0.02432432432432435,0.22432432432432436
0.928,-0.3684684684684685,0.03153153153153156,0.23153153153153155
0.936,-0.36126126126126124,0.03873873873873878,0.23873873873873877
0.9440000000000001,-0.354054054054054,0.04594594594594599,0.245945945945946
0.9520000000000001,-0.3468468468468468,0.05315315315315321,0.25315315315315323
0.96,-0.33963963963963967,0.06036036036036032,0.2603603603603603
0.968,-0.3324324324324325,0.06756756756756754,0.2675675675675675
0.976,-0.32522522522522523,0.07477477477477475,0.27477477477477474
0.984,-0.31801801801801804,0.08198198198198196,0.281981981981982
0.992,-0.3108108108108108,0.08918918918918918,0.2891891891891892
1.0,-0.3036036036036036,0.0963963963963964,0.29639639639639637
1.008,-0.6,0.050000000000005554,0.2
1.016,-0.704,0.108,0.004
1.024,-0.712,0.124,0.012000000000000002
1.032,-0.72,0.14,0.020000000000000004
1.04,-0.728,0.156,0.028000000000000004
1.048,-0.736,0.172,0.036000000000000004
1.056,-0.744,0.188,0.044000000000000004
1.064,-0.752,0.20400000000000001,0.052000000000000005
1.072,-0.76,0.21999999999999997,0.060000000000000005
1.08,-0.768,0.236,0.068
1.088,-0.776,0.252,0.07600000000000001
1.096,-0.784,0.268,0.084
1.104,-0.792,0.284,0.09200000000000001
1.112,-0.8,0.3,0.1
1.12,-0.7363636363636347,0.2545454545454551,0.0
1.1280000000000001,-0.3000000000000006,0.5000000000000003,0.0
1.1360000000000001,-0.32222222222222285,0.5111111111111114,0.0
1.1440000000000001,-0.34444444444444505,0.5222222222222225,0.0
1.1520000000000001,-0.36666666666666725,0.5333333333333337,0.0
1.16,-0.3888888888888889,0.5444444444444444,0.0
1.168,-0.4111111111111111,0.5555555555555556,0.0
1.176,-0.43333333333333335,0.5666666666666667,0.0
1.184,-0.45555555555555555,0.5777777777777777,0.0
1.192,-0.47777777777777775,0.5888888888888889,0.0
1.2,-0.5,0.6,0.0
1.208,-1.195555555555556,0.598888888888889,0.201111111111111
1.216,-1.1600000000000004,0.5900000000000001,0.2099999999999999
1.224,-1.1244444444444448,0.5811111111111111,0.21888888888888883
1.232,-1.088888888888889,0.5722222222222223,0.22777777777777775
1.24,-1.0533333333333335,0.5633333333333334,0.23666666666666664
1.248,-1.017777777777778,0.5544444444444444,0.24555555555555555
1.256,-0.9822222222222221,0.5455555555555556,0.2544444444444445
1.264,-0.9466666666666665,0.5366666666666666,0.26333333333333336
1.272,-0.9111111111111109,0.5277777777777777,0.27222222222222225
1.28,-0.8755555555555552,0.5188888888888888,0.2811111111111112
1.288,-0.8399999999999996,0.5099999999999999,0.2900000000000001
1.296,-0.804444444444444,0.501111111111111,0.298888888888889
1.304,-0.3624999999999931,0.5,0.3875000000000014
1.312,-0.7913978494623656,0.8043010752688172,0.40430107526881726
1.32,-0.7569892473118279,0.821505376344086,0.4215053763440861
1.328,-0.7225806451612903,0.838709677419355,0.4387096774193549
1.336,-0.6881720430107526,0.8559139784946238,0.45591397849462373
1.344,-0.6537634408602149,0.8731182795698926,0.47311827956989255
1.352,-0.6193548387096772,0.8903225806451615,0.49032258064516143
1.36,-0.5849462365591396,0.9075268817204303,0.5075268817204303
1.368,-0.5505376344086019,0.9247311827956991,0.5247311827956991
1.3760000000000001,-0.5161290322580643,0.9419354838709679,0.5419354838709679
1.3840000000000001,-0.4817204301075265,0.9591397849462368,0.5591397849462367
1.3920000000000001,-0.44731182795698887,0.9763440860215056,0.5763440860215056
1.4000000000000001,-0.41290322580645117,0.9935483870967744,0.5935483870967744
1.408,-0.8,1.2,0.6
1.416,-0.9777777777777756,1.2888888888888879,0.6
1.424,-1.3270270270270266,1.4,0.5932432432432434
1.432,-1.3702702702702696,1.4,0.5824324324324326
1.44,-1.4135135135135128,1.4,0.5716216216216218
1.448,-1.456756756756756,1.4,0.560810810810811
1.456,-1.4999999999999993,1.4,0.5500000000000002
1.464,-1.5432432432432426,1.4,0.5391891891891893
1.472,-1.5864864864864858,1.4,0.5283783783783785
1.48,-1.629729729729729,1.4,0.5175675675675677
1.488,-1.6729729729729723,1.4,0.5067567567567569
1.496,-1.8999999999999964,1.2000000000000037,0.40000000000000185
1.504,-2.43333333333334,0.6666666666666604,0.1333333333333302
1.512,0.09438202247190951,-0.001123595505618101,0.0977528089887638
1.52,0.049438202247190456,-0.01011235955056191,0.07977528089887619
1.528,0.004494382022471405,-0.01910112359550572,0.06179775280898857
1.536,-0.04044943820224764,-0.028089887640449528,0.04382022471910095
1.544,-0.08539325842696668,-0.037078651685393337,0.025842696629213333
1.552,-0.13033707865168573,-0.046067415730337145,0.007865168539325715
1.56,-0.17528089887640477,-0.055056179775280954,-0.010112359550561903
1.568,-0.22022471910112382,-0.06404494382022477,-0.028089887640449535
1.576,-0.26516853932584283,-0.07303370786516858,-0.04606741573033715
1.584,-0.31011235955056193,-0.08202247191011239,-0.06404494382022477
1.592,-0.3550561797752809,-0.0910112359550562,-0.08202247191011239
1.6,-0.4,-0.1,-0.1
1.608,0.1,0.29782608695652174,0.0
1.616,0.1,0.28913043478260864,0.0
1.624,0.1,0.2804347826086956,0.0
1.6320000000000001,0.1,0.27173913043478254,0.0
1.6400000000000001,0.1,0.2630434782608695,0.0
1.6480000000000001,0.1,0.2543478260869564,0.0
1.6560000000000001,0.1,0.24565217391304334,0.0
1.6640000000000001,0.1,0.2369565217391303,0.0
1.672,0.1,0.22826086956521746,0.0
1.68,0.1,0.2195652173913044,0.0
1.688,0.1,0.21086956521739134,0.0
1.696,0.1,0.20217391304347826,0.0
1.704,-0.2,0.1,-0.07500000000000001
1.712,-0.2,0.1,-0.02500000000000001
1.72,0.0,0.1,0.0
1.728,0.0,0.1,0.0
1.736,0.0,0.1,0.0
1.744,0.0,0.1,0.0
1.752,0.0,0.1,0.0
1.76,0.0,0.1,0.0
1.768,0.0,0.1,0.0
1.776,0.0,0.1,0.0
1.784,0.0,0.1,0.0
1.792,0.0,0.1,0.0
1.8,0.0,0.1,0.0
1.808,-0.1,0.1,0.0
1.816,0.0,0.0,0.0
1.824,0.0,0.0,0.0
1.832,0.0,0.0,0.0
1.84,0.0,0.0,0.0
1.848,0.0,0.0,0.0
1.856,0.0,0.0,0.0
1.864,0.0,0.0,0.0
1.872,0.0,0.0,0.0
1.8800000000000001,0.0,0.0,0.0
1.8880000000000001,0.0,0.0,0.0
1.8960000000000001,0.0,0.0,0.0
1.9040000000000001,0.0,0.0,0.05999999999999645
1.9120000000000001,0.0,0.0,0.0
1.92,0.0,0.0,0.0
1.928,0.0,0.0,0.0
1.936,0.0,0.0,0.0
1.944,0.0,0.0,0.0
1.952,0.0,0.0,0.0
1.96,0.0,0.0,0.0
1.968,0.0,0.0,0.0
1.976,0.0,0.0,0.0
1.984,0.0,0.0,0.0
1.992,0.0,0.0,0.0
2.0,0.0,0.0,0.0
2.008,0.0,0.0,0.0
2.016,0.0,0.0,0.0
2.024,0.0,0.0,0.0
2.032,0.0,0.0,0.0
2.04,0.0,0.0,0.0
2.048,0.0,0.0,0.0
2.056,0.0,0.0,0.0
2.064,0.0,0.0,0.0
2.072,0.0,0.0,0.0
2.08,0.0,0.0,0.0
2.088,0.0,0.0,0.0
2.096,0.0,0.0,0.0
2.104,0.0,0.0,0.0
2.112,0.0,0.0,0.0
2.12,0.0,0.0,0.0
2.128,0.0,0.0,0.0
2.136,0.0,0.0,0.0
2.144,0.0,0.0,0.0
2.152,0.0,0.0,0.0
2.16,0.0,0.0,0.0
2.168,0.0,0.0,0.0
2.176,0.0,0.0,0.0
2.184,0.0,0.0,0.0
2.192,0.0,0.0,0.0
2.2,0.0,0.0,0.0
2.208,0.0,0.0,0.0
2.216,0.0,0.0,0.0
2.224,0.0,0.0,0.0
2.232,0.0,0.0,0.0
2.24,0.0,0.0,0.0
2.248,0.0,0.0,0.0
2.2560000000000002,0.0,0.0,0.0
2.2640000000000002,0.0,0.0,0.0
2.2720000000000002,0.0,0.0,0.0
2.2800000000000002,0.0,0.0,0.0
2.2880000000000003,0.0,0.0,0.0
2.2960000000000003,0.0,0.0,0.0
2.3040000000000003,0.0,0.0,0.0
2.312,0.0,0.0,0.0
2.32,0.0,0.0,0.0
2.328,0.0,0.0,0.0
2.336,0.0,0.0,0.0
2.344,0.0,0.0,0.0
2.352,0.0,0.0,0.0
2.36,0.0,0.0,0.0
2.368,0.0,0.0,0.0
2.376,0.0,0.0,0.0
2.384,0.0,0.0,0.0
2.392,0.0,0.0,0.0
2.4,0.0,0.0,0.0
2.408,0.0,0.0,0.0
2.416,0.0,0.0,0.0
2.424,0.0,0.0,0.0
2.432,0.0,0.0,0.0
2.44,0.0,0.0,0.0
2.448,0.0,0.0,0.0
2.456,0.0,0.0,0.0
2.464,0.0,0.0,0.0
2.472,0.0,0.0,0.0
2.48,0.0,0.0,0.0
2.488,0.0,0.0,0.0
2.496,0.0,0.0,0.0
2.504,0.0,0.0,0.0
2.512,0.0,0.0,0.0
2.52,0.0,0.0,0.0
2.528,0.0,0.0,0.0
2.536,0.0,0.0,0.0
2.544,0.0,0.0,0.0
2.552,0.0,0.0,0.0
2.56,0.0,0.0,0.0
2.568,0.0,0.0,0.0
2.576,0.0,0.0,0.0
2.584,0.0,0.0,0.0
2.592,0.0,0.0,0.0
2.6,0.0,0.0,0.0
2.608,0.0,0.0,0.0
2.616,0.0,0.0,0.0
2.624,0.0,0.0,0.0
2.632,0.0,0.0,0.0
2.64,0.0,0.0,0.0
2.648,0.0,0.0,0.0
2.656,0.0,0.0,0.0
2.664,0.0,0.0,0.0
2.672,0.0,0.0,0.0
2.68,0.0,0.0,0.0
2.688,0.0,0.0,0.0
2.696,0.0,0.0,0.0
2.704,0.0,0.0,0.0
2.712,0.0,0.0,0.0
2.72,0.0,0.0,0.0
2.728,0.0,0.0,0.0
2.736,0.0,0.0,0.0
2.744,0.0,0.0,0.0
2.7520000000000002,0.0,0.0,0.0
2.7600000000000002,0.0,0.0,0.0
2.7680000000000002,0.0,0.0,0.0
2.7760000000000002,0.0,0.0,0.0
2.7840000000000003,0.0,0.0,0.0
2.7920000000000003,0.0,0.0,0.0
2.8000000000000003,0.0,0.0,0.0
2.8080000000000003,0.0,0.0,0.0
2.816,0.0,0.0,0.0
2.824,0.0,0.0,0.0
2.832,0.0,0.0,0.0
2.84,0.0,0.0,0.0
2.848,0.0,0.0,0.0
2.856,0.0,0.0,0.0
2.864,0.0,0.0,0.0
2.872,0.0,0.0,0.0
2.88,0.0,0.0,0.0
2.888,0.0,0.0,0.0
2.896,0.0,0.0,0.0
2.904,-0.05,0.0,-0.05
2.912,-0.12019230769230801,0.013461538461538676,-0.11346153846153868
2.92,-0.1432692307692311,0.028846153846154063,-0.12884615384615405
2.928,-0.1663461538461542,0.04423076923076945,-0.14423076923076944
2.936,-0.18942307692307725,0.059615384615384834,-0.15961538461538483
2.944,-0.21250000000000036,0.07500000000000022,-0.1750000000000002
2.952,-0.2355769230769234,0.0903846153846156,-0.1903846153846156
2.96,-0.25865384615384646,0.10576923076923099,-0.20576923076923098
2.968,-0.28173076923076956,0.12115384615384638,-0.22115384615384637
2.976,-0.30480769230769267,0.13653846153846178,-0.23653846153846175
2.984,-0.3278846153846158,0.15192307692307716,-0.25192307692307714
2.992,-0.35096153846153877,0.16730769230769255,-0.26730769230769247
3.0,-0.3740384615384619,0.18269230769230793,-0.2826923076923079
3.008,-0.397115384615385,0.19807692307692332,-0.29807692307692324
3.016,-3.1000000000000405,-0.19090909090910008,-1.15454545454546
3.024,-4.700000000000024,-0.5545454545454601,-1.372727272727276
3.032,-6.179166666666667,-1.1138888888888887,-2.169444444444443
3.04,-6.145833333333334,-1.1361111111111108,-2.280555555555554
3.048,-6.112500000000001,-1.158333333333333,-2.3916666666666653
3.056,-6.0791666666666675,-1.1805555555555554,-2.5027777777777764
3.064,-6.045833333333334,-1.2027777777777775,-2.6138888888888876
3.072,-6.012500000000001,-1.2249999999999996,-2.7249999999999988
3.08,-5.979166666666668,-1.247222222222222,-2.8361111111111095
3.088,-5.945833333333334,-1.2694444444444442,-2.9472222222222206
3.096,-5.9125000000000005,-1.2916666666666665,-3.058333333333332
3.104,-0.8500000000000001,-1.05,-4.199999999999999
3.112,1.3855421686746971,-1.3975903614457827,-4.402409638554217
3.12,1.3277108433734923,-1.3879518072289154,-4.412048192771085
3.128,1.2698795180722877,-1.3783132530120479,-4.421686746987953
3.136,1.2120481927710829,-1.3686746987951806,-4.4313253012048195
3.144,1.1542168674698783,-1.359036144578313,-4.440963855421687
3.152,1.0963855421686735,-1.3493975903614455,-4.450602409638555
3.16,1.0385542168674688,-1.3397590361445781,-4.460240963855422
3.168,0.980722891566264,-1.3301204819277106,-4.46987951807229
3.176,0.9228915662650593,-1.3204819277108433,-4.4795180722891565
3.184,0.8650602409638546,-1.3108433734939757,-4.489156626506024
3.192,0.8072289156626499,-1.3012048192771084,-4.498795180722892
3.2,0.28709677419354407,-1.7978494623655907,-2.8978494623655906
3.208,0.18387096774193104,-1.7806451612903218,-2.880645161290322
3.216,0.08064516129031804,-1.763440860215053,-2.863440860215053
3.224,-0.022580645161294988,-1.7462365591397842,-2.846236559139784
3.232,-0.125806451612908,-1.7290322580645154,-2.8290322580645153
3.24,-0.22903225806452104,-1.7118279569892465,-2.8118279569892466
3.248,-0.332258064516134,-1.6946236559139778,-2.794623655913978
3.2560000000000002,-0.43548387096774704,-1.6774193548387089,-2.7774193548387087
3.2640000000000002,-0.53870967741936,-1.6602150537634401,-2.76021505376344
3.2720000000000002,-0.641935483870973,-1.6430107526881712,-2.7430107526881713
3.2800000000000002,-0.7451612903225862,-1.6258064516129025,-2.7258064516129026
3.2880000000000003,-0.8483870967741991,-1.6086021505376336,-2.708602150537634
3.2960000000000003,-1.2999999999999492,-1.3999999999999873,-1.7999999999999747
3.3040000000000003,-0.1499999999999223,-1.0999999999999779,-1.1499999999999444
3.3120000000000003,0.21944444444444483,-0.9870370370370368,-0.8611111111111104
3.3200000000000003,0.24166666666666714,-0.9722222222222219,-0.8166666666666658
3.3280000000000003,0.26388888888888945,-0.957407407407407,-0.772222222222221
3.336,0.28611111111111054,-0.942592592592593,-0.727777777777779
3.344,0.30833333333333285,-0.9277777777777781,-0.6833333333333342
3.352,0.33055555555555516,-0.9129629629629632,-0.6388888888888897
3.36,0.3527777777777775,-0.8981481481481484,-0.594444444444445
3.368,0.3749999999999998,-0.8833333333333335,-0.5500000000000004
3.376,0.39722222222222214,-0.8685185185185187,-0.5055555555555558
3.384,0.4194444444444444,-0.8537037037037037,-0.46111111111111114
3.392,0.44166666666666676,-0.8388888888888889,-0.4166666666666665
3.4,0.463888888888889,-0.824074074074074,-0.3722222222222219
3.408,0.4861111111111114,-0.8092592592592591,-0.3277777777777773
3.416,0.35,-0.65,-0.09999999999999998
3.424,-0.04999999999999449,-0.2916666666666713,0.39166666666666017
3.432,-0.9,0.4,1.3
3.44,-1.1789473684210534,0.9210526315789467,2.1157894736842064
3.448,-1.1508771929824568,0.9491228070175433,2.2701754385964876
3.456,-1.1228070175438603,0.9771929824561397,2.4245614035087684
3.464,-1.0947368421052637,1.0052631578947364,2.5789473684210495
3.472,-1.066666666666667,1.0333333333333328,2.7333333333333307
3.48,-1.0385964912280707,1.0614035087719293,2.8877192982456115
3.488,-1.0105263157894742,1.089473684210526,3.0421052631578926
3.496,3.0,2.9,9.8
3.504,-3.6333333333333084,4.960606060606086,6.060606060606072
3.512,-4.611111111111089,3.9747474747474962,5.608080808080818
3.52,-5.588888888888871,2.988888888888907,5.155555555555564
3.528,-6.566666666666652,2.003030303030318,4.70303030303031
3.536,-7.544444444444434,1.0171717171717294,4.250505050505057
3.544,-8.522222222222213,0.03131313131313984,3.797979797979802
3.552,-9.499999999999995,-0.9545454545454497,3.345454545454548
3.56,-10.477777777777776,-1.9404040404040384,2.892929292929294
3.568,-11.455555555555557,-2.926262626262628,2.4404040404040397
3.576,-12.433333333333339,-3.9121212121212166,1.9878787878787856
3.584,-13.41111111111112,-4.897979797979805,1.535353535353532
3.592,-14.388888888888902,-5.883838383838396,1.0828282828282774
3.6,10.233333333333334,-1.0,-4.233333333333333
3.608,-3.917525773195869,-0.4907216494845357,-2.294845360824738
3.616,-3.4309278350515386,-0.4659793814432986,-2.014432989690717
3.624,-2.9443298969072083,-0.44123711340206145,-1.7340206185566962
3.632,-2.457731958762878,-0.4164948453608243,-1.4536082474226752
3.64,-1.9711340206185475,-0.3917525773195872,-1.1731958762886543
3.648,-1.484536082474217,-0.36701030927835,-0.8927835051546333
3.656,-0.9979381443298863,-0.34226804123711285,-0.6123711340206124
3.664,-0.5113402061855559,-0.3175257731958757,-0.33195876288659143
3.672,-0.02474226804122548,-0.2927835051546386,-0.051546391752570475
3.68,0.46185567010310447,-0.26804123711340144,0.22886597938145048
3.688,0.9484536082474353,-0.2432989690721643,0.5092783505154714
3.696,1.4350515463917652,-0.21855670103092717,0.7896907216494924
3.704,1.4,-0.4,-1.1
3.712,0.9157894736842112,0.1,0.009473684210526698
3.72,0.957894736842106,0.1,0.03473684210526363
3.728,1.0000000000000009,0.1,0.06000000000000056
3.736,1.0421052631578958,0.1,0.08526315789473748
3.744,1.0842105263157906,0.1,0.11052631578947442
3.7520000000000002,1.1263157894736855,0.1,0.13578947368421135
3.7600000000000002,1.1684210526315804,0.1,0.16105263157894828
3.7680000000000002,1.2105263157894752,0.1,0.1863157894736852
3.7760000000000002,1.25263157894737,0.1,0.21157894736842214
3.7840000000000003,1.294736842105265,0.1,0.23684210526315905
3.7920000000000003,1.3368421052631598,0.1,0.262105263157896
3.8000000000000003,1.3789473684210547,0.1,0.28736842105263294
3.8080000000000003,1.366666666666663,0.06666666666666296,0.33333333333333703
3.8160000000000003,1.2999999999998224,4.440892098499143e-14,0.40000000000004443
3.8240000000000003,0.8363636363636334,0.16363636363636658,0.43636363636363346
3.8320000000000003,1.2,0.1,0.397297297297297
3.84,1.2,0.1,0.38648648648648676
3.848,1.2,0.1,0.37567567567567595
3.856,1.2,0.1,0.3648648648648651
3.864,1.2,0.1,0.3540540540540542
3.872,1.2,0.1,0.3432432432432434
3.88,1.2,0.1,0.33243243243243253
3.888,1.2,0.1,0.32162162162162167
3.896,1.2,0.1,0.31081081081081086
3.904,1.2,0.1,0.3
3.912,0.5999999999999911,0.0,0.3599999999999982
3.92,0.8344827586206884,0.0,0.4
3.928,0.8804597701149411,0.0,0.4
3.936,0.926436781609194,0.0,0.4
3.944,0.9724137931034468,0.0,0.4
3.952,1.0183908045976997,0.0,0.4
3.96,1.0643678160919525,0.0,0.4
3.968,1.1103448275862053,0.0,0.4
3.976,1.1563218390804582,0.0,0.4
3.984,1.202298850574711,0.0,0.4
3.992,1.2482758620689638,0.0,0.4
4.0,1.2942528735632166,0.0,0.4
4.008,3.1,0.2,0.3
4.016,2.9959999999999996,0.16799999999999987,0.2519999999999998
4.024,2.891999999999999,0.13599999999999973,0.20399999999999957
4.032,2.7879999999999985,0.10399999999999958,0.15599999999999936
4.04,2.6839999999999984,0.07199999999999945,0.10799999999999912
4.048,2.579999999999998,0.039999999999999314,0.059999999999998915
4.056,2.4759999999999973,0.007999999999999147,0.011999999999998734
4.064,2.3719999999999968,-0.024000000000000993,-0.03600000000000153
4.072,2.2679999999999962,-0.056000000000001104,-0.08400000000000174
4.08,2.163999999999996,-0.08800000000000124,-0.13200000000000195
4.088,2.059999999999995,-0.12000000000000138,-0.18000000000000216
4.096,1.955999999999995,-0.15200000000000158,-0.22800000000000237
4.104,1.8519999999999945,-0.18400000000000172,-0.2760000000000025
4.112,1.533333333333284,-0.23333333333334322,-0.16666666666668642
4.12,2.4874999999999625,-0.3749999999999917,-0.2749999999999917
4.128,3.833783783783783,-0.2864864864864867,0.1
4.136,3.887837837837837,-0.26486486486486505,0.1
4.144,3.9418918918918915,-0.24324324324324337,0.1
4.152,3.9959459459459454,-0.2216216216216217,0.1
4.16,4.05,-0.19999999999999998,0.1
4.168,4.104054054054054,-0.1783783783783783,0.1
4.176,4.158108108108109,-0.15675675675675663,0.1
4.184,4.212162162162162,-0.13513513513513492,0.1
4.192,4.2662162162162165,-0.11351351351351324,0.1
4.2,5.0,-0.1,0.30000000000000004
4.208,2.988888888888891,0.40555555555555545,0.3
4.216,2.811111111111113,0.4144444444444444,0.3
4.224,2.6333333333333346,0.4233333333333333,0.3
4.232,2.4555555555555566,0.4322222222222222,0.3
4.24,2.2777777777777786,0.4411111111111111,0.3
4.248,2.1,0.45,0.3
4.256,1.9222222222222218,0.4588888888888889,0.3
4.264,1.7444444444444436,0.46777777777777785,0.3
4.272,1.5666666666666655,0.47666666666666674,0.3
4.28,1.3888888888888873,0.48555555555555563,0.3
4.288,1.211111111111109,0.4944444444444446,0.3
4.296,-0.4500000000001555,0.2499999999999778,0.1
4.304,0.5099999999999962,-0.927999999999997,-0.25799999999999823
4.312,0.3899999999999957,-0.8319999999999965,-0.20199999999999801
4.32,0.2699999999999952,-0.7359999999999962,-0.14599999999999774
4.328,0.14999999999999464,-0.6399999999999957,-0.0899999999999975
4.336,0.029999999999994142,-0.5439999999999954,-0.033999999999997255
4.344,-0.09000000000000641,-0.44799999999999485,0.022000000000003017
4.352,-0.21000000000000696,-0.35199999999999443,0.07800000000000323
4.36,-0.3300000000000075,-0.255999999999994,0.1340000000000035
4.368,-0.45000000000000806,-0.1599999999999936,0.19000000000000372
4.376,-0.5700000000000086,-0.06399999999999317,0.24600000000000394
4.384,-0.6900000000000092,0.032000000000007356,0.3020000000000042
4.392,-0.8100000000000097,0.12800000000000766,0.3580000000000045
4.4,0.149999999999889,-0.0999999999999556,-8.881784197001252e-14
4.408,0.8962616822429903,-0.1,0.0
4.416,0.8887850467289716,-0.1,0.0
4.424,0.881308411214953,-0.1,0.0
4.432,0.8738317757009342,-0.1,0.0
4.44,0.8663551401869155,-0.1,0.0
4.448,0.8588785046728968,-0.1,0.0
4.456,0.8514018691588782,-0.1,0.0
4.464,0.8439252336448595,-0.1,0.0
4.472,0.8364485981308408,-0.1,0.0
4.48,0.8289719626168222,-0.1,0.0
4.488,0.8214953271028035,-0.1,0.0
4.496,0.8140186915887848,-0.1,0.0
4.5040000000000004,0.806542056074766,-0.1,0.0
4.5120000000000005,0.6499999999999334,-0.1,0.05000000000002221
4.5200000000000005,0.4,-0.09753086419753006,0.1
4.5280000000000005,0.4,-0.08765432098765355,0.1
4.5360000000000005,0.4,-0.07777777777777706,0.1
4.5440000000000005,0.4,-0.06790123456790054,0.1
4.5520000000000005,0.4,-0.058024691358024044,0.1
4.5600000000000005,0.4,-0.04814814814814754,0.1
4.5680000000000005,0.4,-0.03827160493827104,0.1
4.5760000000000005,0.4,-0.02839506172839454,0.1
4.5840000000000005,0.4,-0.018518518518518032,0.1
4.5920000000000005,0.4,-0.008641975308641525,0.1
4.6000000000000005,0.29999999999995564,0.0,0.1
4.6080000000000005,-0.002222222222222968,0.09777777777777703,0.0
4.616,-0.011111111111110893,0.08888888888888911,0.0
4.624,-0.019999999999999803,0.08000000000000021,0.0
4.632,-0.028888888888888714,0.07111111111111129,0.0
4.64,-0.037777777777777626,0.06222222222222238,0.0
4.648,-0.04666666666666654,0.05333333333333347,0.0
4.656,-0.05555555555555545,0.04444444444444456,0.0
4.664,-0.06444444444444436,0.035555555555555646,0.0
4.672,-0.07333333333333328,0.026666666666666727,0.0
4.68,-0.08222222222222218,0.017777777777777823,0.0
4.688,-0.0911111111111111,0.008888888888888904,0.0
4.696,-0.1,0.0,0.0
4.704,0.1,0.0,0.0
4.712,0.006976744186045792,0.0,0.0
4.72,0.016279069767441215,0.0,0.0
4.728,0.025581395348836636,0.0,0.0
4.736,0.03488372093023206,0.0,0.0
4.744,0.044186046511627476,0.0,0.0
4.752,0.0534883720930229,0.0,0.0
4.76,0.06279069767441832,0.0,0.0
4.768,0.07209302325581374,0.0,0.0
4.776,0.08139534883720917,0.0,0.0
4.784,0.09069767441860459,0.0,0.0
4.792,0.1,0.0,0.0
4.8,-0.0499999999999778,0.0,0.0
4.808,0.0046728971962615735,0.0,0.0
4.816,0.012149532710280258,0.0,0.0
4.824,0.01962616822429894,0.0,0.0
4.832,0.027102803738317624,0.0,0.0
4.84,0.03457943925233631,0.0,0.0
4.848,0.04205607476635499,0.0,0.0
4.856,0.049532710280373676,0.0,0.0
4.864,0.05700934579439236,0.0,0.0
4.872,0.06448598130841104,0.0,0.0
4.88,0.07196261682242973,0.0,0.0
4.888,0.07943925233644841,0.0,0.0
4.896,0.0869158878504671,0.0,0.0
4.904,0.09439252336448578,0.0,0.0
4.912,0.05,0.0,0.0
4.92,0.06666666666666668,0.0,0.0
4.928,0.013333333333332156,0.0,0.0
4.936,0.0,0.0,0.0
4.944,0.0,0.0,0.0
4.952,0.0,0.0,0.0
4.96,0.0,0.0,0.0
4.968,0.0,0.0,0.0
4.976,0.0,0.0,0.0
4.984,0.0,0.0,0.0
4.992,0.0,0.0,0.0
5.0,0.25,0.0,0.0
5.008,0.315730337078651,0.0,0.0
5.016,0.3337078651685388,0.0,0.0
5.024,0.3516853932584265,0.0,0.0
5.032,0.3696629213483143,0.0,0.0
5.04,0.38764044943820203,0.0,0.0
5.048,0.4056179775280898,0.0,0.0
5.056,0.42359550561797754,0.0,0.0
5.064,0.44157303370786527,0.0,0.0
5.072,0.45955056179775305,0.0,0.0
5.08,0.47752808988764084,0.0,0.0
5.088,0.49550561797752857,0.0,0.0
5.096,0.5,0.0,0.0
5.104,0.5,0.0,-0.1
5.112,0.5,0.0,-0.1
5.12,0.5,0.0,-0.1
5.128,0.5,0.0,-0.1
5.136,0.5,0.0,-0.1
5.144,0.5,0.0,-0.1
5.152,0.5,0.0,-0.1
5.16,0.5,0.0,-0.1
5.168,0.5,0.0,-0.1
5.176,0.5,0.0,-0.1
5.184,0.5,0.0,-0.1
5.192,0.5,0.0,-0.1
5.2,0.2,0.0,-0.1
5.208,0.20720720720720723,0.0,-0.1
5.216,0.21441441441441447,0.0,-0.1
5.224,0.2216216216216217,0.0,-0.1
5.232,0.22882882882882893,0.0,-0.1
5.24,0.23603603603603615,0.0,-0.1
5.248,0.24324324324324337,0.0,-0.1
5.256,0.2504504504504506,0.0,-0.1
5.264,0.2576576576576578,0.0,-0.1
5.272,0.26486486486486505,0.0,-0.1
5.28,0.2720720720720723,0.0,-0.1
5.288,0.27927927927927954,0.0,-0.1
5.296,0.2864864864864867,0.0,-0.1
5.304,0.29369369369369397,0.0,-0.1
5.312,0.3500000000000222,0.0,-0.1
5.32,0.345454545454544,0.1,-0.1
5.328,0.09710144927536135,0.0,-0.0014492753623193257
5.336,0.07391304347825986,0.0,-0.01304347826087007
5.344,0.050724637681158376,0.0,-0.024637681159420815
5.352,0.02753623188405689,0.0,-0.03623188405797156
5.36,0.0043478260869554,0.0,-0.0478260869565223
5.368,-0.018840579710146077,0.0,-0.05942028985507304
5.376,-0.04202898550724757,0.0,-0.07101449275362379
5.384,-0.06521739130434906,0.0,-0.08260869565217453
5.392,-0.08840579710145055,0.0,-0.09420289855072528
5.4,0.0,-0.1,-0.3
5.408,0.2,0.0,-0.1
5.416,0.18095238095238086,0.0,-0.1
5.424,0.16190476190476172,0.0,-0.1
5.432,0.14285714285714257,0.0,-0.1
5.44,0.12380952380952341,0.0,-0.1
5.448,0.10476190476190426,0.0,-0.1
5.456,0.08571428571428512,0.0,-0.1
5.464,0.06666666666666596,0.0,-0.1
5.472,0.04761904761904681,0.0,-0.1
5.48,0.028571428571427665,0.0,-0.1
5.488,0.009523809523808519,0.0,-0.1
5.496,0.0,-0.32000000000004264,-0.019999999999989346
5.5040000000000004,0.09787234042553122,0.002127659574468789,0.0
5.5120000000000005,0.0893617021276589,0.01063829787234111,0.0
5.5200000000000005,0.08085106382978657,0.019148936170213432,0.0
5.5280000000000005,0.07234042553191425,0.027659574468085753,0.0
5.5360000000000005,0.06382978723404192,0.036170212765958075,0.0
5.5440000000000005,0.05531914893616961,0.04468085106383039,0.0
5.5520000000000005,0.04680851063829729,0.05319148936170272,0.0
5.5600000000000005,0.03829787234042497,0.061702127659575036,0.0
5.5680000000000005,0.02978723404255265,0.07021276595744735,0.0
5.5760000000000005,0.021276595744680327,0.07872340425531968,0.0
5.5840000000000005,0.012765957446808002,0.087234042553192,0.0
5.5920000000000005,0.004255319148935677,0.09574468085106433,0.0
5.6000000000000005,8.881784196998286e-14,0.1,8.881784196998286e-14
5.6080000000000005,0.0,0.09626865671641734,0.1
5.6160000000000005,0.0,0.090298507462686,0.1
5.6240000000000006,0.0,0.08432835820895468,0.1
5.632,0.0,0.078358208955224,0.1
5.64,0.0,0.07238805970149267,0.1
5.648,0.0,0.06641791044776134,0.1
5.656,0.0,0.06044776119403,0.1
5.664,0.0,0.05447761194029867,0.1
5.672,0.0,0.04850746268656733,0.1
5.68,0.0,0.042537313432836,0.1
5.688,0.0,0.03656716417910466,0.1
5.696,0.0,0.03059701492537334,0.1
5.704,0.0,0.024626865671642004,0.1
5.712,0.0,0.018656716417910668,0.1
5.72,0.0,0.012686567164179333,0.1
5.728,0.0,0.006716417910447997,0.1
5.736,0.0,0.0007462686567166615,0.1
5.744,-0.05000000000000371,0.0499999999999963,0.0499999999999963
5.752,0.2,0.2,0.2
5.76,0.19090909090909133,0.18181818181818266,0.19090909090909133
5.768,0.18051948051948094,0.16103896103896187,0.18051948051948094
5.776,0.17012987012987052,0.14025974025974103,0.17012987012987052
5.784,0.15974025974026013,0.11948051948052023,0.15974025974026013
5.792,0.1493506493506497,0.09870129870129941,0.1493506493506497
5.8,0.1389610389610393,0.07792207792207861,0.1389610389610393
5.808,0.1285714285714289,0.0571428571428578,0.1285714285714289
5.816,0.1181818181818185,0.036363636363636986,0.1181818181818185
5.824,0.10779220779220809,0.015584415584416172,0.10779220779220809
5.832,0.1,0.0,0.1
5.84,0.2,0.1,0.1
5.848,0.2,0.0,0.2
5.856,0.217391304347826,0.03478260869565201,0.182608695652174
5.864,0.234782608695652,0.06956521739130402,0.165217391304348
5.872,0.252173913043478,0.10434782608695603,0.147826086956522
5.88,0.269565217391304,0.13913043478260803,0.130434782608696
5.888,0.28695652173913,0.17391304347826006,0.11304347826086998
5.896,0.15000000000000002,0.25,-0.2
5.904,-0.09487179487179469,0.1,-0.005128205128205323
5.912,-0.08803418803418783,0.1,-0.011965811965812168
5.92,-0.08119658119658099,0.1,-0.01880341880341901
5.928,-0.07435897435897415,0.1,-0.025641025641025855
5.936,-0.06752136752136731,0.1,-0.0324786324786327
5.944,-0.06068376068376046,0.1,-0.039316239316239544
5.952,-0.05384615384615362,0.1,-0.046153846153846385
5.96,-0.04700854700854677,0.1,-0.05299145299145323
5.968,-0.04017094017093993,0.1,-0.059829059829060074
5.976,-0.03333333333333309,0.1,-0.06666666666666692
5.984,-0.026495726495726235,0.1,-0.07350427350427377
5.992,-0.019658119658119394,0.1,-0.08034188034188061
6.0,-0.012820512820512553,0.1,-0.08717948717948745
6.008,-0.005982905982905712,0.1,-0.0940170940170943
6.016,0.05,0.15000000000000002,-0.05
6.024,0.2,0.2,0.2
6.032,0.2142857142857143,0.2142857142857143,0.17142857142857143
6.04,0.2285714285714286,0.2285714285714286,0.14285714285714285
6.048,0.24285714285714285,0.24285714285714285,0.1142857142857143
6.056,0.2571428571428571,0.2571428571428571,0.08571428571428572
6.064,0.2714285714285714,0.2714285714285714,0.057142857142857134
6.072,0.2857142857142857,0.2857142857142857,0.02857142857142858
6.08,0.3,0.3,0.0
6.088,0.0,0.05,-0.05
6.096,-0.1,-0.1,0.1
6.104,-0.0928571428571432,-0.10714285714285682,0.22142857142857048
6.112,-0.08469387755102072,-0.1153061224489793,0.24591836734693787
6.12,-0.07653061224489825,-0.12346938775510176,0.27040816326530526
6.128,-0.06836734693877579,-0.13163265306122424,0.2948979591836727
6.136,-0.06020408163265332,-0.1397959183673467,0.3193877551020401
6.144,-0.052040816326530855,-0.14795918367346916,0.3438775510204075
6.152,-0.043877551020408384,-0.15612244897959163,0.3683673469387749
6.16,-0.03571428571428592,-0.1642857142857141,0.3928571428571423
6.168,-0.027551020408163457,-0.17244897959183655,0.41734693877550966
6.176,-0.01938775510204098,-0.18061224489795902,0.4418367346938771
6.184,-0.011224489795918516,-0.1887755102040815,0.4663265306122445
6.192,-0.0030612244897960522,-0.19693877551020395,0.4908163265306119
6.2,0.3,-0.09999999999999998,0.0
6.208,0.2917525773195876,-0.12474226804123727,-0.024742268041237254
6.216,0.28350515463917514,-0.14948453608247453,-0.04948453608247451
6.224,0.27525773195876274,-0.17422680412371178,-0.07422680412371176
6.232,0.26701030927835034,-0.19896907216494902,-0.09896907216494902
6.24,0.2587628865979379,-0.22371134020618627,-0.12371134020618627
6.248,0.2505154639175255,-0.24845360824742355,-0.1484536082474235
6.256,0.24226804123711307,-0.2731958762886608,-0.1731958762886608
6.264,0.23402061855670064,-0.29793814432989807,-0.19793814432989804
6.272,0.22577319587628825,-0.3226804123711353,-0.22268041237113528
6.28,0.21752577319587582,-0.34742268041237256,-0.24742268041237253
6.288,0.2092783505154634,-0.3721649484536098,-0.2721649484536098
6.296,0.201030927835051,-0.39690721649484706,-0.296907216494847
6.304,-0.2500000000000666,-0.1499999999998446,-0.1999999999999112
6.312,-0.197916666666666,-0.197916666666666,-0.3916666666666639
6.32,-0.18958333333333266,-0.18958333333333266,-0.35833333333333056
6.328,-0.1812499999999993,-0.1812499999999993,-0.32499999999999724
6.336,-0.17291666666666597,-0.17291666666666597,-0.2916666666666639
6.344,-0.16458333333333264,-0.16458333333333264,-0.25833333333333053
6.352,-0.1562499999999993,-0.1562499999999993,-0.22499999999999723
6.36,-0.14791666666666597,-0.14791666666666597,-0.1916666666666639
6.368,-0.13958333333333264,-0.13958333333333264,-0.15833333333333055
6.376,-0.1312499999999993,-0.1312499999999993,-0.12499999999999722
6.384,-0.12291666666666598,-0.12291666666666598,-0.0916666666666639
6.392,-0.11458333333333263,-0.11458333333333263,-0.05833333333333052
6.4,-0.1062499999999993,-0.1062499999999993,-0.02499999999999719
6.408,-0.3,0.0,0.0
6.416,-0.07999999999999291,-0.039999999999996455,-0.039999999999996455
6.424,-0.004109589041096074,0.0,0.0
6.432,-0.0150684931506852,0.0,0.0
6.44,-0.026027397260274324,0.0,0.0
6.448,-0.03698630136986345,0.0,0.0
6.456,-0.04794520547945257,0.0,0.0
6.464,-0.0589041095890417,0.0,0.0
6.472,-0.06986301369863082,0.0,0.0
6.48,-0.08082191780821994,0.0,0.0
6.488,-0.09178082191780908,0.0,0.0
6.496,-0.1,0.0,0.0
6.5040000000000004,-0.1,0.0,0.0
6.5120000000000005,-0.0011764705882356876,0.0,0.0
6.5200000000000005,-0.010588235294118052,0.0,0.0
6.5280000000000005,-0.020000000000000417,0.0,0.0
6.5360000000000005,-0.029411764705882783,0.0,0.0
6.5440000000000005,-0.038823529411765145,0.0,0.0
6.5520000000000005,-0.048235294117647515,0.0,0.0
6.5600000000000005,-0.05764705882352988,0.0,0.0
6.5680000000000005,-0.06705882352941224,0.0,0.0
6.5760000000000005,-0.07647058823529461,0.0,0.0
6.5840000000000005,-0.08588235294117698,0.0,0.0
6.5920000000000005,-0.09529411764705933,0.0,0.0
6.6000000000000005,0.0,0.0,0.0
6.6080000000000005,-0.003333333333333465,0.0,0.0
6.6160000000000005,-0.012222222222222377,0.0,0.0
6.6240000000000006,-0.02111111111111129,0.0,0.0
6.632000000000001,-0.0300000000000002,0.0,0.0
6.640000000000001,-0.03888888888888911,0.0,0.0
6.648000000000001,-0.04777777777777802,0.0,0.0
6.656000000000001,-0.056666666666666934,0.0,0.0
6.664,-0.06555555555555485,0.0,0.0
6.672,-0.07444444444444377,0.0,0.0
6.68,-0.08333333333333268,0.0,0.0
6.688,-0.0922222222222216,0.0,0.0
6.696,0.0,0.0,0.0
6.704,0.0,0.0,0.0
6.712,0.0,0.0,0.0
6.72,0.0,0.0,0.0
6.728,0.0,0.0,0.0
6.736,0.0,0.0,0.0
6.744,0.0,0.0,0.0
6.752,0.0,0.0,0.0
6.76,0.0,0.0,0.0
6.768,0.0,0.0,0.0
6.776,0.0,0.0,0.0
6.784,0.0,0.0,0.0
6.792,0.0,0.0,0.0
6.8,0.0,0.0,0.0
6.808,0.0,0.0,0.0
6.816,0.0,0.0,0.0
6.824,0.0,0.0,0.0
6.832,0.0,0.0,0.0
6.84,0.0,0.0,0.0
6.848,0.0,0.0,0.0
6.856,0.0,0.0,0.0
6.864,0.0,0.0,0.0
6.872,0.0,0.0,0.0
6.88,0.0,0.0,0.0
6.888,0.0,0.0,0.0
6.896,0.0,0.0,0.0
6.904,0.0,0.0,0.0
6.912,0.0,0.0,0.0
6.92,0.0,0.0,0.0
6.928,0.0,0.0,0.0
6.936,0.0,0.0,0.0
6.944,0.0,0.0,0.0
6.952,0.0,0.0,0.0
6.96,0.0,0.0,0.0
6.968,0.0,0.0,0.0
6.976,0.0,0.0,0.0
6.984,0.0,0.0,0.0
