accel_time_list,vertical_Accel_x,vertical_Accel_y,vertical_Accel_z
0.0,0.51,3.515,-9.114
0.007996840442338072,-0.6399090810045215,3.36243923299014,-9.49618036716239
0.015993680884676145,-0.43364574821593943,3.385326741842349,-9.650602113635125
0.023990521327014215,-0.2273824154273575,3.408214250694558,-9.80502386010786
0.03198736176935229,-0.021119082638775488,3.431101759546767,-9.959445606580594
0.03998420221169036,0.09710416666666664,3.466301935229068,-9.862996766390205
0.04798104265402843,0.2025624999999999,3.5032873222748817,-9.730174244668246
0.055977883096366504,0.30802083333333324,3.5402727093206954,-9.597351722946287
0.06397472353870458,0.4134791666666666,3.5772580963665086,-9.464529201224329
0.07197156398104265,0.5189374999999999,3.6142434834123223,-9.33170667950237
0.07996840442338073,0.6243958333333333,3.651228870458136,-9.19888415778041
0.0879652448657188,0.7298541666666667,3.6882142575039496,-9.066061636058452
0.09596208530805686,0.8353124999999998,3.725199644549763,-8.933239114336494
0.10395892575039493,0.48254583962640835,3.3148943457806017,-9.37777495963752
0.11195576619273301,0.42762248494002053,3.3226275541204453,-9.380938544867455
0.11995260663507108,0.37269913025363266,3.3303607624602884,-9.384102130097391
0.12794944707740916,0.3177757755672448,3.338093970800132,-9.387265715327327
0.13594628751974722,0.26285242088085703,3.345827179139975,-9.390429300557264
0.1439431279620853,0.20792906619446905,3.3535603874798188,-9.393592885787198
0.15193996840442336,0.1530057115080813,3.361293595819662,-9.396756471017135
0.15993680884676145,0.0980823568216933,3.3690268041595055,-9.39992005624707
0.1679336492890995,0.043159002135305546,3.376760012499349,-9.403083641477007
0.1759304897314376,-0.011764352551082435,3.3844932208391922,-9.406247226706943
0.18392733017377566,-0.0666877072374702,3.392226429179036,-9.409410811936878
0.19192417061611372,-0.12161106192385795,3.399959637518879,-9.412574397166814
0.1999210110584518,0.9045653255352762,3.7661607340929715,-8.765907465295285
0.20791785150078987,0.8861045343013682,3.7585041847332863,-8.794662061779436
0.21591469194312796,0.86764374306746,3.7508476353736007,-8.823416658263588
0.22391153238546602,0.8491829518335519,3.7431910860139155,-8.85217125474774
0.2319083728278041,0.8307221605996438,3.73553453665423,-8.880925851231892
0.23990521327014216,0.8122613693657357,3.7278779872945447,-8.909680447716044
0.24790205371248025,0.7938005781318275,3.720221437934859,-8.938435044200196
0.2558988941548183,0.7753397868979194,3.712564888575174,-8.967189640684346
0.2638957345971564,0.7568789956640113,3.7049083392154887,-8.995944237168498
0.27189257503949443,0.7384182044301032,3.697251789855803,-9.02469883365265
0.27988941548183255,0.719957413196195,3.689595240496118,-9.053453430136802
0.2878862559241706,0.7014966219622869,3.6819386911364322,-9.082208026620954
0.29588309636650867,0.6743475513428112,3.6725639810426536,-9.096357030015797
0.30387993680884673,0.3123113974460241,3.7077066877303846,-9.135990027646129
0.31187677725118484,0.34638126974723543,3.705041074249605,-9.132491409952607
0.3198736176935229,0.38045114204844654,3.7023754607688257,-9.128992792259083
0.32787045813586096,0.4145210143496576,3.6997098472880463,-9.12549417456556
0.335867298578199,0.44859088665086877,3.697044233807267,-9.121995556872037
0.3438641390205371,0.4826607589520798,3.6943786203264875,-9.118496939178515
0.3518609794628752,0.5167306312532911,3.691713006845708,-9.114998321484991
0.35985781990521326,0.5508005035545023,3.689047393364929,-9.111499703791468
0.3678546603475513,0.5848703758557134,3.6863817798841496,-9.108001086097946
0.3758515007898894,0.6189402481569244,3.68371616640337,-9.104502468404423
0.38384834123222744,0.6530101204581356,3.6810505529225908,-9.1010038507109
0.39184518167456556,0.687079992759347,3.6783849394418113,-9.097505233017378
0.3998420221169036,0.7525480824173977,3.578602635205539,-9.27614201203321
0.4078388625592417,0.7592688312997882,3.615949581526671,-9.242027830997278
0.41583570300157974,0.7659895801821787,3.653296527847803,-9.207913649961347
0.42383254344391785,0.7727103290645693,3.6906434741689353,-9.173799468925415
0.4318293838862559,0.7794310779469598,3.7279904204900673,-9.139685287889483
0.439826224328594,0.7861518268293503,3.7653373668111993,-9.105571106853551
0.44782306477093203,0.7928725757117407,3.802684313132332,-9.07145692581762
0.4558199052132701,0.7995933245941312,3.840031259453464,-9.037342744781688
0.4638167456556082,0.8063140734765217,3.877378205774596,-9.003228563745756
0.47181358609794627,0.8130348223589122,3.914725152095728,-8.969114382709824
0.47981042654028433,0.8197555712413027,3.9520720984168602,-8.935000201673892
0.4878072669826224,0.8264763201236932,3.9894190447379922,-8.90088602063796
0.4958041074249605,0.8918704581358612,4.104701421800947,-8.810186413902054
0.5038009478672986,1.0018091429699842,4.109599526066351,-8.766632306477092
0.5117977883096366,1.0086397775144813,4.1056011058451825,-8.757969062664559
0.5197946287519747,1.0154704120589784,4.101602685624013,-8.749305818852026
0.5277914691943127,1.0223010466034754,4.097604265402844,-8.740642575039494
0.5357883096366508,1.0291316811479727,4.093605845181675,-8.731979331226961
0.5437851500789889,1.0359623156924698,4.089607424960506,-8.723316087414428
0.551781990521327,1.0427929502369668,4.085609004739337,-8.714652843601895
0.5597788309636651,1.049623584781464,4.081610584518168,-8.705989599789362
0.5677756714060032,1.0564542193259612,4.0776121642969985,-8.697326355976829
0.5757725118483412,1.0632848538704582,4.07361374407583,-8.688663112164297
0.5837693522906793,1.0701154884149553,4.069615323854661,-8.679999868351764
0.5917661927330173,1.0769461229594524,4.065616903633492,-8.671336624539231
0.5997630331753554,1.0653045148416063,4.00702399600898,-8.964621900723373
0.6077598736176935,1.077762750478091,3.978151193148749,-8.96352759624179
0.6157567140600315,1.0902209861145755,3.949278390288518,-8.962433291760206
0.6237535545023697,1.1026792217510601,3.9204055874282866,-8.961338987278623
0.6317503949447077,1.1151374573875448,3.891532784568055,-8.96024468279704
0.6397472353870458,1.1275956930240294,3.862659981707824,-8.959150378315456
0.6477440758293839,1.1400539286605138,3.833787178847593,-8.958056073833873
0.6557409162717219,1.1525121642969984,3.804914375987362,-8.95696176935229
0.66373775671406,1.164970399933483,3.776041573127131,-8.955867464870707
0.671734597156398,1.1774286355699677,3.7471687702668994,-8.954773160389124
0.6797314375987361,1.189886871206452,3.7182959674066685,-8.953678855907542
0.6877282780410742,1.2023451068429367,3.689423164546437,-8.952584551425959
0.6957251184834123,1.0643355450236969,4.021447393364929,-8.961036018957346
0.7037219589257504,1.101121011058452,4.07049468141127,-8.917319957872564
0.7117187993680885,1.1297431679105154,4.107794864810881,-8.881439251148516
0.7197156398104265,1.1285482377294764,4.10218788473062,-8.874177752356049
0.7277124802527646,1.1273533075484374,4.09658090465036,-8.86691625356358
0.7357093206951026,1.1261583773673984,4.0909739245701005,-8.859654754771114
0.7437061611374407,1.1249634471863594,4.085366944489841,-8.852393255978646
0.7517030015797788,1.1237685170053204,4.079759964409581,-8.845131757186177
0.7596998420221168,1.1225735868242814,4.07415298432932,-8.83787025839371
0.7676966824644549,1.1213786566432424,4.06854600424906,-8.830608759601242
0.775693522906793,1.1201837264622032,4.0629390241688,-8.823347260808774
0.7836903633491311,1.1189887962811642,4.0573320440885405,-8.816085762016307
0.7916872037914692,1.1177938661001252,4.051725064008281,-8.808824263223839
0.7996840442338072,1.0764038309636663,4.069807859399684,-8.793934834123222
0.8076808846761453,1.00253396524486,4.04537124802528,-8.825213270142179
0.8156777251184834,1.0208394136448804,4.011698997024138,-8.814108894522208
0.8236745655608214,1.0196305889268527,3.98742951614681,-8.797557294536904
0.8316714060031595,1.0184217642088247,3.9631600352694814,-8.7810056945516
0.8396682464454975,1.017212939490797,3.938890554392153,-8.764454094566295
0.8476650868878357,1.016004114772769,3.9146210735148244,-8.747902494580991
0.8556619273301738,1.0147952900547412,3.890351592637496,-8.731350894595687
0.8636587677725118,1.0135864653367133,3.866082111760168,-8.714799294610382
0.8716556082148499,1.0123776406186855,3.8418126308828393,-8.698247694625078
0.879652448657188,1.0111688159006575,3.8175431500055113,-8.681696094639774
0.887649289099526,1.0099599911826298,3.7932736691281828,-8.665144494654468
0.8956461295418641,0.876486571879944,3.842314375987358,-8.516194312796216
0.9036429699842021,0.7491342812006403,3.5783791469194446,-8.614469194312791
0.9116398104265402,0.7189283236429375,3.5363389358479504,-8.619446035080863
0.9196366508688784,0.7157130991351932,3.537740443966711,-8.60839885343887
0.9276334913112164,0.7124978746274491,3.539141952085471,-8.597351671796877
0.9356303317535545,0.7092826501197049,3.540543460204231,-8.586304490154884
0.9436271721958925,0.7060674256119607,3.5419449683229915,-8.57525730851289
0.9516240126382306,0.7028522011042165,3.543346476441752,-8.564210126870899
0.9596208530805687,0.6996369765964724,3.5447479845605123,-8.553162945228905
0.9676176935229067,0.6964217520887283,3.5461494926792723,-8.542115763586914
0.9756145339652448,0.6932065275809841,3.5475510007980326,-8.53106858194492
0.9836113744075828,0.6899913030732399,3.548952508916793,-8.520021400302927
0.991608214849921,0.6867760785654957,3.5503540170355534,-8.508974218660935
0.9996050552922591,0.6835608540577515,3.5517555251543134,-8.497927037018941
1.0076018957345971,0.19313933649289106,4.225363981042654,-8.966589099526066
1.0155987361769352,0.1997145164121468,4.223409197823416,-9.023722081797438
1.0235955766192733,0.20628969633140254,4.221454414604177,-9.080855064068809
1.0315924170616113,0.21286487625065825,4.21949963138494,-9.13798804634018
1.0395892575039494,0.219440056169914,4.217544848165701,-9.19512102861155
1.0475860979462874,0.22601523608916974,4.215590064946463,-9.25225401088292
1.0555829383886255,0.23259041600842545,4.213635281727225,-9.309386993154291
1.0635797788309636,0.2391655959276812,4.211680498507986,-9.366519975425662
1.0715766192733016,0.24574077584693693,4.209725715288748,-9.423652957697033
1.0795734597156397,0.25231595576619265,4.2077709320695105,-9.480785939968403
1.0875703001579777,0.2588911356854484,4.205816148850272,-9.537918922239774
1.0955671406003158,0.2716166403370179,4.250505529225896,-9.602153765139544
1.103563981042654,0.3916212480252779,4.760954186413904,-9.621610979462872
1.1115608214849921,0.5682181411269098,4.963540810953134,-9.349052001053185
1.1195576619273302,0.6626582478453017,4.484050072989781,-9.272401083848262
1.1275545023696683,0.6573945047693324,4.439207031015658,-9.23059481672566
1.1355513428120063,0.652130761693363,4.394363989041534,-9.188788549603057
1.1435481832543444,0.6468670186173937,4.349520947067411,-9.146982282480453
1.1515450236966824,0.6416032755414243,4.304677905093287,-9.10517601535785
1.1595418641390205,0.6363395324654549,4.259834863119163,-9.063369748235248
1.1675387045813586,0.6310757893894856,4.21499182114504,-9.021563481112645
1.1755355450236966,0.6258120463135162,4.170148779170916,-8.979757213990043
1.1835323854660347,0.6205483032375468,4.125305737196793,-8.93795094686744
1.1915292259083727,0.6152845601615775,4.0804626952226695,-8.896144679744836
1.1995260663507108,0.15684676145339796,3.861739336492892,-8.96156556082148
1.2075229067930489,0.03597786646711561,3.596272520162967,-9.200423630165462
1.215519747235387,0.04111267980377479,3.5977035337158063,-9.155388791884926
1.223516587677725,0.046247493140433964,3.599134547268646,-9.11035395360439
1.231513428120063,0.051382306477093145,3.600565560821485,-9.065319115323854
1.239510268562401,0.05651711981375232,3.6019965743743243,-9.02028427704332
1.2475071090047394,0.061651933150411634,3.6034275879271638,-8.975249438762782
1.2555039494470774,0.06678674648707081,3.6048586014800033,-8.930214600482248
1.2635007898894155,0.07192155982373,3.6062896150328427,-8.885179762201712
1.2714976303317536,0.07705637316038917,3.607720628585682,-8.840144923921176
1.2794944707740916,0.08219118649704835,3.6091516421385217,-8.79511008564064
1.2874913112164297,0.08732599983370752,3.610582655691361,-8.750075247360106
1.2954881516587677,0.0924608131703667,3.6120136692442006,-8.70504040907957
1.3034849921011058,-0.165,3.696,-8.909
1.3114818325434439,0.07940632629613656,3.865210469625162,-8.746153382162861
1.319478672985782,0.09312817750969393,3.827588970271435,-8.788682033606204
1.32747551342812,0.1068500287232513,3.7899674709177082,-8.831210685049548
1.335472353870458,0.12057187993680868,3.7523459715639813,-8.873739336492891
1.343469194312796,0.13429373115036608,3.714724472210255,-8.916267987936234
1.3514660347551342,0.14801558236392343,3.677102972856528,-8.958796639379578
1.3594628751974722,0.16173743357748083,3.639481473502801,-9.00132529082292
1.3674597156398103,0.17545928479103817,3.601859974149074,-9.043853942266265
1.3754565560821483,0.18918113600459557,3.564238474795347,-9.086382593709608
1.3834533965244864,0.20290298721815295,3.5266169754416206,-9.12891124515295
1.3914502369668247,0.2166248384317107,3.4889954760878923,-9.171439896596295
1.3994470774091627,0.9166234306144508,3.4840894154818325,-9.073305895069428
1.4074439178515008,0.874113910368338,3.4856887835703003,-9.078777417477342
1.4154407582938389,0.8316043901222251,3.4872881516587677,-9.084248939885258
1.423437598736177,0.7890948698761122,3.4888875197472355,-9.089720462293174
1.431434439178515,0.7465853496299993,3.490486887835703,-9.09519198470109
1.439431279620853,0.7040758293838865,3.4920862559241708,-9.100663507109005
1.447428120063191,0.6615663091377737,3.493685624012638,-9.10613502951692
1.4554249605055292,0.6190567888916607,3.495284992101106,-9.111606551924837
1.4634218009478672,0.576547268645548,3.4968843601895734,-9.11707807433275
1.4714186413902053,0.534037748399435,3.498483728278041,-9.122549596740667
1.4794154818325433,0.49152822815332214,3.5000830963665086,-9.128021119148583
1.4874123222748814,0.44901870790720927,3.5016824644549764,-9.133492641556497
1.4954091627172195,0.3890193881947455,3.4749448513571757,-9.129673129398249
1.5034060031595575,0.24725721671693315,3.3157350280051707,-9.082419072238977
1.5114028436018956,0.386,3.197,-8.862
1.5193996840442336,0.3863788974806685,3.1972841731105013,-8.850191028519166
1.5273965244865717,0.3876415564978798,3.19823116737341,-8.81083815581608
1.5353933649289098,0.388904215515091,3.1991781616363184,-8.771485283112996
1.543390205371248,0.39016687453230237,3.2001251558992267,-8.73213241040991
1.551387045813586,0.3914295335495136,3.201072150162135,-8.692779537706826
1.5593838862559242,0.3926921925667249,3.202019144425044,-8.65342666500374
1.5673807266982622,0.39395485158393617,3.202966138687952,-8.614073792300657
1.5753775671406003,0.39521751060114746,3.2039131329508606,-8.574720919597572
1.5833744075829383,0.3964801696183587,3.204860127213769,-8.535368046894487
1.5913712480252764,0.39774282863557,3.2058071214766772,-8.496015174191403
1.5993680884676145,1.5719485913638773,1.4700800092153796,-7.760232885729331
1.6073649289099525,1.4898143759873634,1.312725513428123,-7.749903633491311
1.6153617693522906,1.4076801606108496,1.1553710176408667,-7.739574381253291
1.6233586097946286,1.3255459452343354,0.9980165218536102,-7.729245129015271
1.6313554502369667,1.2434117298578216,0.8406620260663538,-7.718915876777251
1.6393522906793048,1.1612775144813077,0.6833075302790973,-7.708586624539231
1.6473491311216428,1.0791432991047936,0.5259530344918408,-7.698257372301211
1.655345971563981,0.9970090837282798,0.3685985387045845,-7.687928120063191
1.663342812006319,0.9148748683517658,0.2112440429173279,-7.677598867825171
1.671339652448657,0.8327406529752519,0.05388954713007155,-7.667269615587151
1.679336492890995,0.7506064375987379,-0.10346494865718481,-7.656940363349131
1.6873333333333334,0.6684722222222217,-0.2608194444444458,-7.646611111111111
1.6953301737756714,0.6266034755134285,-0.8259026856240208,-7.357865402843597
1.7033270142180095,0.4114527096641256,1.8485188543169173,-3.7045264784669287
1.7113238546603475,0.48046891956865184,1.8154884264029123,-3.9186158046569135
1.7193206951026856,0.5494851294731781,1.7824579984889073,-4.132705130846899
1.7273175355450237,0.6185013393777044,1.7494275705749023,-4.346794457036884
1.7353143759873617,0.6875175492822305,1.7163971426608973,-4.560883783226869
1.7433112164296998,0.7565337591867567,1.6833667147468923,-4.7749731094168535
1.7513080568720378,0.825549969091283,1.6503362868328872,-4.989062435606839
1.759304897314376,0.8945661789958093,1.6173058589188822,-5.203151761796824
1.767301737756714,0.9635823889003354,1.5842754310048772,-5.417241087986809
1.775298578199052,1.0325985988048616,1.5512450030908722,-5.631330414176794
1.78329541864139,1.101614808709388,1.5182145751768672,-5.845419740366779
1.7912922590837281,1.1706310186139142,1.4851841472628622,-6.059509066556764
1.7992890995260662,2.060317535545,-0.4474502369667891,-8.534526066350711
1.8072859399684043,2.2371453396524466,-0.510793601128854,-8.472609717940461
1.8152827804107423,2.325110584518165,-0.42166376784920256,-8.404131919201216
1.8232796208530804,2.413075829383884,-0.33253393456955116,-8.335654120461973
1.8312764612954187,2.501041074249605,-0.24340410128989726,-8.267176321722726
1.8392733017377567,2.5890063191153234,-0.15427426801024585,-8.19869852298348
1.8472701421800948,2.6769715639810423,-0.06514443473059439,-8.130220724244237
1.8552669826224328,2.7649368088467607,0.023985398549057013,-8.061742925504992
1.863263823064771,2.8529020537124796,0.11311523182870842,-7.993265126765748
1.871260663507109,2.940867298578198,0.20224506510835982,-7.924787328026504
1.879257503949447,3.028832543443917,0.2913748983880112,-7.85630952928726
1.887254344391785,3.1167977883096354,0.38050473166766263,-7.787831730548015
1.8952511848341231,3.2047630331753543,0.46963456494731404,-7.7193539318087705
1.9032480252764612,3.3481205897840702,0.6356161137440393,-7.6888809899947175
1.9112448657187993,5.68576042106581,3.12213592354497,-8.771951934055961
1.9192417061611373,5.3186975270986885,2.6367039557036365,-8.966330580451407
1.9272385466034754,4.951634633131567,2.1512719878623034,-9.160709226846851
1.9352353870458134,4.584571739164446,1.6658400200209702,-9.355087873242296
1.9432322274881515,4.217508845197324,1.180408052179637,-9.549466519637742
1.9512290679304896,3.850445951230203,0.6949760843383035,-9.743845166033186
1.9592259083728276,3.4833830572630817,0.20954411649697047,-9.938223812428632
1.9672227488151657,3.1163201632959607,-0.275887851344363,-10.132602458824076
1.975219589257504,2.749257269328829,-0.7613198191857093,-10.326981105219527
1.983216429699842,2.3821943753617076,-1.2467517870270428,-10.521359751614972
1.99121327014218,2.0151314813945866,-1.7321837548683763,-10.715738398010416
1.9992101105845181,1.6480685874274652,-2.217615722709709,-10.910117044405862
2.007206951026856,1.2810056934603535,-2.703047690551029,-11.1044956908013
2.0152037914691943,1.1035646580907241,-3.04480297901151,-11.24983412322275
2.023200631911532,1.2098083953960714,-3.1716100203114403,-11.32180568720379
2.0311974723538704,1.5896498875005984,-3.333787495811192,-11.501113696203744
2.039194312796208,1.3263599741490824,-3.7951809564842582,-11.35232399827661
2.0471911532385465,1.063070060797552,-4.25657441715735,-11.203534300349467
2.055187993680885,0.7997801474460214,-4.717967877830441,-11.054744602422327
2.0631848341232226,0.5364902340945055,-5.179361338503508,-10.905954904495193
2.071181674565561,0.27320032074297496,-5.640754799176599,-10.75716520656805
2.0791785150078987,0.009910407391459097,-6.102148259849665,-10.608375508640917
2.087175355450237,-0.2533795059600714,-6.563541720522757,-10.459585810713774
2.095172195892575,-0.4769913112164995,-6.964030015797893,-10.318907582938378
2.103169036334913,-0.1680332425800814,-6.2137339585224005,-10.876777856206516
2.111165876777251,-0.16054683876172257,-6.452788444085905,-10.737428657860246
2.1191627172195893,-0.1530604349433633,-6.691842929649422,-10.598079459513967
2.127159557661927,-0.14557403112500447,-6.930897415212925,-10.458730261167696
2.1351563981042654,-0.1380876273066452,-7.169951900776443,-10.319381062821419
2.1431532385466032,-0.13060122348828637,-7.4090063863399465,-10.180031864475149
2.1511500789889415,-0.12311481966992713,-7.648060871903464,-10.040682666128872
2.1591469194312793,-0.11562841585156829,-7.887115357466968,-9.901333467782601
2.1671437598736176,-0.10814201203320903,-8.126169843030485,-9.761984269436322
2.1751406003159555,-0.10065560821485019,-8.365224328593989,-9.622635071090052
2.1831374407582937,-0.09316920439649094,-8.604278814157507,-9.483285872743775
2.1911342812006316,-0.0856828005781321,-8.84333329972101,-9.343936674397504
2.19913112164297,0.40312751974723393,-10.326681437598737,-9.235871374407582
2.207127962085308,0.10596492890994369,-10.490216824644554,-8.862099052132692
2.215124802527646,-0.19119766192733006,-10.653752211690364,-8.488326729857821
2.2231216429699843,-0.4883602527646203,-10.817287598736181,-8.11455440758293
2.231118483412322,-0.7855228436018942,-10.98082298578199,-7.740782085308059
2.2391153238546604,-1.0826854344391843,-11.144358372827806,-7.367009763033169
2.2471121642969982,-1.3798480252764582,-11.307893759873616,-6.993237440758298
2.2551090047393365,-1.6770106161137486,-11.471429146919434,-6.619465118483406
2.2631058451816743,-1.974173206951022,-11.634964533965242,-6.2456927962085365
2.2711026856240126,-2.2713357977883124,-11.79849992101106,-5.8719204739336455
2.2790995260663505,-2.5684983886255863,-11.962035308056869,-5.498148151658775
2.2870963665086887,-2.8656609794628762,-12.125570695102686,-5.124375829383884
2.2950932069510266,-3.16282357030015,-12.289106082148495,-4.750603507109013
2.303090047393365,-2.352317535545015,-11.675071090047389,-4.258952606635074
2.3110868878357027,-0.9912187993680917,-11.74701856240126,-5.259986571879943
2.319083728278041,-0.9176764274430165,-11.800497432859398,-5.105904592642747
2.327080568720379,-0.8441340555179453,-11.853976303317532,-4.951822613405559
2.335077409162717,-0.7705916835928701,-11.90745517377567,-4.797740634168362
2.3430742496050554,-0.6970493116677949,-11.960934044233806,-4.6436586549311665
2.3510710900473932,-0.6235069397427238,-12.014412914691942,-4.489576675693979
2.3590679304897315,-0.5499645678176486,-12.067891785150078,-4.335494696456782
2.3670647709320694,-0.4764221958925774,-12.121370655608212,-4.181412717219594
2.3750616113744076,-0.4028798239675022,-12.17484952606635,-4.027330737982398
2.3830584518167455,-0.32933745204243114,-12.228328396524484,-3.87324875874521
2.3910552922590838,-0.25579508011735586,-12.281807266982621,-3.7191667795080137
2.3990521327014216,-0.18225270819228478,-12.335286137440756,-3.565084800270826
2.40704897314376,-0.1087103362672095,-12.388765007898893,-3.4110028210336294
2.4150458135860977,-0.035167964342138314,-12.442243878357027,-3.256920841796442
2.423042654028436,-0.03339905213270038,-10.093802843601852,-3.4391469194312774
2.431039494470774,-0.0169274982353534,-9.250269066585998,-3.372950774763874
2.439036334913112,-0.01947968135524859,-9.153966690195286,-3.337135138314678
2.44703317535545,-0.022031864475143634,-9.057664313804581,-3.301319501865484
2.4550300157977882,-0.02458404759503882,-8.96136193741387,-3.2655038654162887
2.463026856240126,-0.02713623071493387,-8.865059561023163,-3.2296882289670945
2.4710236966824644,-0.029688413834829057,-8.76875718463245,-3.193872592517899
2.479020537124802,-0.0322405969547241,-8.672454808241744,-3.1580569560687053
2.4870173775671405,-0.03479278007461929,-8.576152431851032,-3.1222413196195093
2.4950142180094788,-0.03734496319451448,-8.479850055460322,-3.0864256831703134
2.5030110584518166,-0.03989714631440953,-8.383547679069615,-3.0506100467211197
2.511007898894155,-0.04244932943430471,-8.287245302678903,-3.0147944102719237
2.5190047393364927,-0.044452606635106154,-8.191588862559204,-2.9790130331753546
2.527001579778831,0.43367324907846255,-8.966776724591893,-3.0333504476040027
2.534998420221169,-0.1696249078462312,-9.606477145866249,-1.8883350710900453
2.542995260663507,-0.2966413902053708,-9.46906477093207,-1.963905213270142
2.550992101105845,-0.4236578725645033,-9.331652395997898,-2.0394753554502345
2.5589889415481832,-0.5506743549236429,-9.194240021063719,-2.115045497630331
2.566985781990521,-0.6776908372827755,-9.056827646129548,-2.1906156398104235
2.5749826224328594,-0.8047073196419151,-8.919415271195367,-2.2661857819905205
2.582979462875197,-0.9317238020010477,-8.782002896261197,-2.341755924170613
2.5909763033175355,-1.0587402843601872,-8.644590521327018,-2.4173260663507095
2.5989731437598733,-0.545731437598732,-8.470814304179225,-2.4293280195318023
2.6069699842022116,-0.6256998420221139,-8.634386040499779,-2.60235056728421
2.6149668246445494,-0.5991939782548108,-8.576326679676614,-2.6575493169779727
2.6229636650868877,-0.5722869621782373,-8.517432301830688,-2.7123041538890416
2.6309605055292256,-0.5453799461016653,-8.458537923984764,-2.7670589908001078
2.638957345971564,-0.5184729300250918,-8.399643546138837,-2.821813827711177
2.646954186413902,-0.49156591394851823,-8.340749168292911,-2.8765686646222464
2.65495102685624,-0.4646588978719462,-8.281854790446987,-2.9313235015333126
2.6629478672985782,-0.43775188179537267,-8.222960412601061,-2.986078338444382
2.670944707740916,-0.41084486571880063,-8.164066034755137,-3.0408331753554476
2.6789415481832544,-0.3839378496422271,-8.10517165690921,-3.095588012266517
2.686938388625592,-0.3570308335656551,-8.046277279063288,-3.150342849177583
2.6949352290679305,-0.027974723538714164,-7.882957345971545,-3.307349131121634
2.7029320695102683,0.09254950245110274,-8.208720704874512,-3.5543302877803242
2.7109289099526066,0.04242497679191021,-8.223395319294474,-3.656228172179604
2.7189257503949444,-0.007699548867279554,-8.238069933714433,-3.7581260565788774
2.7269225908372827,-0.05782407452647209,-8.252744548134395,-3.860023940978157
2.7349194312796206,-0.10794860018566185,-8.267419162554354,-3.961921825377431
2.742916271721959,-0.1580731258448544,-8.282093776974316,-4.063819709776711
2.7509131121642967,-0.20819765150404418,-8.296768391394277,-4.165717594175985
2.758909952606635,-0.2583221771632367,-8.311443005814237,-4.267615478575264
2.766906793048973,-0.3084467028224265,-8.326117620234198,-4.369513362974538
2.774903633491311,-0.35857122848161904,-8.340792234654158,-4.471411247373817
2.7829004739336494,-0.4086957541408116,-8.35546684907412,-4.573309131773097
2.790897314375987,-0.4588202798000013,-8.37014146349408,-4.675207016172371
2.7988941548183255,-0.2622701421800926,-8.617509365831642,-4.496584292484772
2.8068909952606633,0.23923631312305627,-9.092407419512986,-4.887216048373915
2.8148878357030016,0.3121270541664387,-9.23791314848105,-4.921960941330282
2.8228846761453394,0.38501779520981716,-9.383418877449106,-4.956705834286646
2.8308815165876777,0.45790853625319966,-9.528924606417169,-4.991450727243013
2.8388783570300156,0.530799277296578,-9.674430335385225,-5.026195620199378
2.846875197472354,0.6036900183399606,-9.81993606435329,-5.060940513155744
2.8548720379146917,0.6765807593833391,-9.965441793321343,-5.095685406112108
2.86286887835703,0.7494715004267215,-10.110947522289408,-5.1304302990684745
2.870865718799368,0.8223622414701,-10.256453251257463,-5.165175192024839
2.878862559241706,0.8952529825134824,-10.401958980225526,-5.199920084981206
2.886859399684044,0.9681437235568608,-10.547464709193582,-5.2346649779375705
2.894856240126382,1.8190315955766176,-12.713202211690358,-4.634339652448658
2.90285308056872,1.773171074759207,-13.056757682311583,-3.4954581868215944
2.9108499210110583,1.8627700827260512,-12.871540539163231,-3.3282984253172327
2.918846761453396,1.95236909069289,-12.68632339601489,-3.1611386638128804
2.9268436018957344,2.041968098659734,-12.501106252866538,-2.993978902308519
2.9348404423380727,2.1315671066265782,-12.315889109718187,-2.826819140804157
2.9428372827804106,2.221166114593417,-12.130671966569846,-2.659659379299805
2.950834123222749,2.310765122560261,-11.945454823421496,-2.4924996177954437
2.9588309636650867,2.4003641305271,-11.760237680273153,-2.325339856291091
2.966827804107425,2.4899631384939442,-11.575020537124804,-2.1581800947867293
2.974824644549763,2.579562146460783,-11.389803393976463,-1.9910203332823773
2.982821484992101,2.669161154427627,-11.204586250828111,-1.8238605717780156
2.990818325434439,2.7587601623944664,-11.01936910767977,-1.6567008102736633
2.998815165876777,3.210726303317533,-13.188187203791458,-3.673142180094775
3.006812006319115,0.9004223933649322,-8.352904423380732,-2.6435813586098007
3.0148088467614533,0.4491007109004659,-7.6231927330173646,-1.8319020537124657
3.022805687203791,0.22363431279620954,-7.375058957345971,-1.6102650236966802
3.0308025276461295,0.14814413902053636,-7.446710647709321,-1.7804377883096385
3.0387993680884673,0.07265396524486734,-7.518362338072668,-1.9506105529225872
3.0467962085308056,-0.0028362085308058504,-7.590014028436019,-2.1207833175355457
3.0547930489731434,-0.07832638230647487,-7.661665718799366,-2.290956082148494
3.0627898894154817,-0.15381655608214806,-7.733317409162717,-2.4611288467614525
3.0707867298578195,-0.22930672985781703,-7.804969099526064,-2.6313016113744014
3.078783570300158,-0.3047969036334902,-7.876620789889414,-2.8014743759873597
3.086780410742496,-0.38028707740916345,-7.948272480252765,-2.971647140600318
3.094777251184834,-0.8842014218009069,-8.443869668246405,-2.5219502369668785
3.102774091627172,-1.0616831513153375,-7.847324335462601,-0.6593856034068278
3.11077093206951,-1.0521217116560206,-7.7646613434988705,-0.6114914829315219
3.1187677725118483,-1.042560271996703,-7.681998351535134,-0.5635973624562134
3.126764612954186,-1.0329988323373862,-7.599335359571403,-0.5157032419809074
3.1347614533965245,-1.0234373926780687,-7.516672367607667,-0.46780912150559884
3.1427582938388623,-1.0138759530187518,-7.434009375643936,-0.4199150010302929
3.1507551342812006,-1.0043145133594342,-7.3513463836802,-0.37202088055498433
3.1587519747235384,-0.9947530737001172,-7.268683391716468,-0.3241267600796784
3.1667488151658767,-0.9851916340407998,-7.186020399752732,-0.27623263960436983
3.1747456556082145,-0.9756301943814828,-7.103357407789002,-0.2283385191290639
3.182742496050553,-0.9660687547221652,-7.0206944158252655,-0.18044439865375528
3.1907393364928907,-0.9565073150628483,-6.938031423861534,-0.13255027817844933
3.198736176935229,-1.329433846761459,-5.3559449052132635,-1.2776471169036243
3.2067330173775668,-1.1217019302355205,-5.585915726970633,-1.5456977719671017
3.214729857819905,-1.004966443318628,-5.682429318516095,-1.456629514626575
3.2227266982622433,-0.8882309564017354,-5.7789429100615575,-1.3675612572860485
3.230723538704581,-0.7714954694848495,-5.875456501607014,-1.2784929999455268
3.2387203791469195,-0.6547599825679569,-5.971970093152477,-1.1894247426050002
3.2467172195892573,-0.5380244956510709,-6.0684836846979335,-1.1003564852644785
3.2547140600315956,-0.4212890087341784,-6.164997276243396,-1.0112882279239517
3.2627109004739334,-0.30455352181729245,-6.261510867788853,-0.9222199705834301
3.2707077409162717,-0.18781803490039994,-6.358024459334315,-0.8331517132429034
3.2787045813586095,-0.07108254798351399,-6.454538050879773,-0.7440834559023817
3.286701421800948,0.04565293893337863,-6.551051642425234,-0.6550151985618551
3.2946982622432857,-0.4166524486571681,-6.615,-0.9332827804107301
3.302695102685624,-1.2894869920338812,-9.02906416591039,-2.6179415313770966
3.310691943127962,-1.3576302813350793,-9.104949077341935,-2.6005016133911467
3.3186887835703,-1.425773570636281,-9.180833988773486,-2.5830616954051964
3.326685624012638,-1.4939168599374792,-9.256718900205033,-2.565621777419247
3.334682464454976,-1.5620601492386812,-9.332603811636583,-2.548181859433296
3.342679304897314,-1.6302034385398791,-9.40848872306813,-2.5307419414473467
3.3506761453396523,-1.698346727841081,-9.484373634499681,-2.5133020234613963
3.35867298578199,-1.766490017142279,-9.560258545931227,-2.4958621054754464
3.3666698262243284,-1.834633306443481,-9.636143457362778,-2.478422187489496
3.3746666666666667,-1.9027765957446827,-9.712028368794329,-2.4609822695035453
3.3826635071090045,-1.970919885045881,-9.787913280225874,-2.443542351517596
3.390660347551343,-2.0390631743470826,-9.863798191657425,-2.4261024335316455
3.3986571879936807,0.12967904160084115,-12.95243944181147,-5.265250394944706
3.406654028436019,0.2129794628751982,-13.612845181674572,-5.335222748815167
3.414650868878357,-0.6398299104791878,-13.027875724065307,-3.741184658592263
3.422647709320695,-1.0086895734597172,-12.680397709320692,-3.2251682464454987
3.430644549763033,-1.0974545023696671,-12.536534549763035,-3.2976196208530797
3.438641390205371,-1.186219431279622,-12.39267139020537,-3.3700709952606642
3.446638230647709,-1.2749843601895718,-12.248808230647711,-3.442522369668245
3.4546350710900473,-1.3637492890995269,-12.104945071090047,-3.5149737440758297
3.462631911532385,-1.4525142180094766,-11.96108191153239,-3.5874251184834107
3.4706287519747234,-1.5412791469194316,-11.817218751974723,-3.6598764928909953
3.4786255924170613,-1.6300440758293815,-11.673355592417066,-3.7323278672985762
3.4866224328593995,-1.7188090047393363,-11.5294924328594,-3.8047792417061608
3.4946192733017374,-1.8075739336492862,-11.385629273301742,-3.8772306161137418
3.5026161137440757,-1.896338862559241,-11.241766113744077,-3.9496819905213267
3.510612954186414,-1.985103791469196,-11.097902954186411,-4.022133364928911
3.518609794628752,-1.9624019408711422,-11.605070638681967,-3.857388399909744
3.52660663507109,-1.8195829383886277,-14.880388625592392,-2.5637440758293675
3.534603475513428,-1.6855001030290624,-13.925680907571508,-2.206785699567277
3.542600315955766,-1.4956620647022492,-13.558289832177124,-2.2339054193282504
3.550597156398104,-1.3058240263754466,-13.190898756782763,-2.261025139089222
3.5585939968404423,-1.1159859880486331,-12.823507681388381,-2.2881448588501954
3.56659083728278,-0.9261479497218305,-12.45611660599402,-2.315264578611167
3.5745876777251184,-0.7363099113950171,-12.088725530599637,-2.3423842983721403
3.5825845181674563,-0.5464718730682143,-11.721334455205275,-2.3695040181331124
3.5905813586097945,-0.3566338347414011,-11.353943379810893,-2.396623737894086
3.5985781990521324,0.7774976303315595,-12.969037914691583,-2.338513428120078
3.6065750394944707,0.3553188896411582,-10.006846084405371,-0.4030072218460622
3.6145718799368085,0.5934893461256701,-9.176668342773473,-0.7805500327515171
3.622568720379147,0.8677224598312224,-9.196075309212807,-0.7101388278811727
3.6305655608214846,1.1419555735367595,-9.215482275652139,-0.639727623010832
3.638562401263823,1.416188687242312,-9.234889242091471,-0.5693164181404875
3.6465592417061607,1.6904218009478487,-9.254296208530805,-0.49890521327014686
3.654556082148499,1.9646549146534014,-9.273703174970137,-0.42849400839980234
3.6625529225908373,2.2388880283589536,-9.293110141409471,-0.3580828035294578
3.670549763033175,2.5131211420644908,-9.312517107848803,-0.2876715986591172
3.6785466034755134,2.787354255770043,-9.331924074288137,-0.2172603937887727
3.6865434439178513,3.06158736947558,-9.35133104072747,-0.14684918891843202
3.6945402843601896,3.2206184834123186,-9.16445260663506,0.1464336492891131
3.7025371248025274,3.5435975842548704,-8.87350806345445,0.055011453396525044
3.7105339652448657,3.5590081621906267,-8.887585834649816,0.04401579778830987
3.7185308056872035,3.5744187401263816,-8.901663605845181,0.0330201421800953
3.726527646129542,3.589829318062138,-8.915741377040547,0.022024486571880122
3.7345244865718796,3.6052398959978933,-8.929819148235913,0.011028830963665553
3.742521327014218,3.620650473933649,-8.94389691943128,3.317535545037387e-05
3.7505181674565558,3.6360610518694045,-8.957974690626646,-0.010962480252764195
3.758515007898894,3.651471629805161,-8.972052461822011,-0.021958135860979375
3.766511848341232,3.6668822077409158,-8.986130233017377,-0.032953791469193944
3.77450868878357,3.682292785676672,-9.000208004212745,-0.04394944707740912
3.782505529225908,3.6977033636124275,-9.01428577540811,-0.05494510268562369
3.7905023696682463,3.7131139415481833,-9.028363546603476,-0.06594075829383886
3.798499210110584,2.857640036109274,-8.057511171293212,0.01881087790566023
3.8064960505529224,1.7901121642970281,-6.681262243286038,-0.19896840442325797
3.8144928909952607,3.314873091100579,-4.852859399684045,-2.8999641916798318
3.8224897314375985,3.410761131589722,-4.729796910654735,-2.8465038324264254
3.830486571879937,3.506649172078871,-4.606734421625418,-2.793043473173016
3.8384834123222746,3.6025372125680146,-4.483671932596108,-2.739583113919609
3.846480252764613,3.698425253057163,-4.3606094435667915,-2.6861227546661994
3.8544770932069508,3.7943132935463066,-4.237546954537481,-2.632662395412793
3.862473933649289,3.8902013340354555,-4.1144844655081645,-2.5792020361593835
3.870470774091627,3.9860893745245987,-3.9914219764788545,-2.5257416769059766
3.878467614533965,4.081977415013748,-3.8683594874495375,-2.472281317652567
3.886464454976303,4.177865455502891,-3.745296998420228,-2.4188209583991607
3.8944612954186413,4.27375349599204,-3.622234509390911,-2.365360599145751
3.902458135860979,4.369641536481183,-3.499172020361601,-2.3119002398923443
3.9104549763033174,4.465529576970332,-3.3761095313322844,-2.2584398806389347
3.9184518167456552,4.180088467614926,-3.0702369668248424,-2.4146308583462828
3.9264486571879935,0.8495102685624215,-0.9638230647709792,-4.140315955766202
3.9344454976303314,0.6420598341232204,-0.3774851895734676,-4.148694312796194
3.9424423380726696,0.6745469984202197,-0.2650296208530856,-4.358611374407573
3.950439178515008,0.707034162717219,-0.15257405213270364,-4.568528436018953
3.9584360189573458,0.7395213270142164,-0.04011848341232788,-4.7784454976303214
3.966432859399684,0.7720084913112156,0.0723370853080541,-4.9883625592417005
3.974429699842022,0.804495655608213,0.18479265402842987,-5.198279620853069
3.98242654028436,0.8369828199052123,0.29724822274881185,-5.408196682464449
3.990423380726698,0.8694699842022098,0.4097037914691876,-5.618113744075817
3.9984202211690363,-1.0963285939967298,-0.456224328593986,-5.099497630331781
4.006417061611375,-3.1653439548250333,1.8665023696682488,-4.3030765352424964
4.014413902053712,-2.8418972807636855,1.914483412322273,-3.93207418238044
4.02241074249605,-2.5184506067023023,1.9624644549763024,-3.561071829518343
4.0304075829383885,-2.1950039326409185,2.010445497630332,-3.190069476656246
4.038404423380727,-1.871557258579535,2.0584265402843616,-2.8190671237941487
4.046401263823064,-1.5481105845181875,2.1064075829383855,-2.448064770932093
4.0543981042654025,-1.2246639104568042,2.154388625592415,-2.0770624180699957
4.062394944707741,-0.9012172363954205,2.202369668246445,-1.7060600652078985
4.070391785150079,-0.5777705623340372,2.250350710900474,-1.3350577123458014
4.078388625592416,-0.2543238882726895,2.2983317535544985,-0.9640553594837455
4.086385466034755,0.0691227857886938,2.3463127962085277,-0.5930530066216484
4.094382306477093,0.3925694598500775,2.3942938388625574,-0.2220506537595508
4.102379146919431,-2.8600430921183384,-0.3638586164323555,7.6012234258632425
4.11037598736177,-2.2686129010845666,-0.37682828202371077,7.7565906116001
4.118372827804107,-1.6771827100508605,-0.38979794761506464,7.91195779733694
4.126369668246445,-1.085752519017089,-0.40276761320641996,8.067324983073798
4.1343665086887835,-0.4943223279833173,-0.4157372787977752,8.222692168810655
4.142363349131122,0.09710786305045449,-0.42870694438913054,8.378059354547512
4.150360189573459,0.6885380540841606,-0.4416766099804844,8.533426540284353
4.1583570300157975,1.279968245117932,-0.4546462755718397,8.68879372602121
4.166353870458136,1.8713984361517038,-0.467615941163195,8.844160911758067
4.174350710900474,2.4628286271854756,-0.4805856067545503,8.999528097494924
4.182347551342811,3.0542588182191817,-0.49355527234590413,9.154895283231763
4.19034439178515,3.6456890092529535,-0.5065249379372594,9.31026246896862
4.198341232227488,4.237119200286726,-0.5194946035286148,9.465629654705479
4.206338072669826,4.828549391320497,-0.53246426911997,9.620996840442336
4.214334913112164,5.419979582354204,-0.545433934711324,9.776364026179175
4.222331753554502,5.300997788309726,-1.22668056872025,10.782343759873443
4.23032859399684,4.187304476040057,-2.843641706161085,12.979342390731894
4.2383254344391785,22.89297068844103,-6.946528807171871,7.562394411770304
4.246322274881517,24.914918803174892,-8.801892137269558,7.598139325072805
4.254319115323854,26.936866917908535,-10.657255467367039,7.633884238375301
4.2623159557661925,28.9588150326424,-12.512618797464725,7.669629151677801
4.270312796208531,30.980763147376265,-14.36798212756241,7.705374064980301
4.278309636650869,33.002711262110125,-16.223345457660095,7.741118978282801
4.2863064770932064,35.02465937684377,-18.078708787757577,7.776863891585297
4.294303317535545,37.04660749157763,-19.934072117855266,7.812608804887796
4.302300157977883,39.0685556063115,-21.78943544795295,7.848353718190297
4.310296998420221,41.090503721045366,-23.644798778050635,7.8840986314927965
4.318293838862559,43.112451835779005,-25.500162108148118,7.919843544795293
4.326290679304897,13.760498156924678,-36.9062543443916,9.42010900473895
4.334287519747235,1.6658956292785556,-32.99977546076854,-13.961581621906209
4.3422843601895735,1.2457949447077212,-23.231101737756255,-12.00302211690354
4.350281200631911,0.8256942601369337,-13.462428014745054,-10.044462611901091
4.358278041074249,0.4055935755660993,-3.693754291732766,-8.085903106898424
4.3662748815165875,-0.014507109004734842,6.074919431279518,-6.127343601895755
4.374271721958926,-0.434607793575569,15.84359315429181,-4.168784096893088
4.382268562401263,-0.8547084781463568,25.612266877303007,-2.2102245918906362
4.3902654028436014,-1.2748091627171911,35.3809406003153,-0.25166508688796796
4.39826224328594,-1.103277208717664,0.8384278482732712,-23.85755100307461
4.406259083728278,-1.3861761878068357,-0.581742224260698,-22.746076169121228
4.414255924170616,-1.669075166896007,-2.001912296794667,-21.634601335167844
4.422252764612954,-1.9519741459851474,-3.4220823693284785,-20.523126501214584
4.430249605055292,-2.2348731250743192,-4.842252441862448,-19.4116516672612
4.43824644549763,-2.5177721041634906,-6.262422514396417,-18.300176833307816
4.4462432859399685,-2.800671083252662,-7.682592586930387,-17.188701999354436
4.454240126382306,-3.0835700623418023,-9.102762659464197,-16.077227165401172
4.462236966824644,-3.3664690414309737,-10.522932731998168,-14.96575233144779
4.4702338072669825,-3.6493680205201455,-11.943102804532137,-13.854277497494406
4.478230647709321,-3.9322669996093174,-13.363272877066105,-12.742802663541022
4.486227488151658,-4.215165978698457,-14.783442949599916,-11.631327829587763
4.4942243285939965,-7.168257696605443,-13.534983084807202,-2.591654400904163
4.502221169036335,-6.706196354949357,-12.966622278734668,-2.994357081390696
4.510218009478673,-6.244135013293272,-12.398261472662135,-3.3970597618772294
4.51821484992101,-5.782073671637239,-11.829900666589664,-3.799762442363718
4.526211690363349,-5.320012329981154,-11.26153986051713,-4.202465122850251
4.534208530805687,-4.857950988325069,-10.693179054444595,-4.605167803336784
4.542205371248025,-4.395889646668983,-10.124818248372062,-5.007870483823318
4.5502022116903635,-3.9338283050128977,-9.556457442299529,-5.4105731643098505
4.558199052132701,-3.4717669633568637,-8.98809663622706,-5.8132758447963395
4.566195892575039,-3.0097056217007783,-8.419735830154526,-6.215978525282873
4.5741927330173775,-2.5476442800446932,-7.851375024081991,-6.6186812057694056
4.582189573459716,-2.085582938388608,-7.283014218009457,-7.02138388625594
4.590186413902053,-1.6235215967325747,-6.714653411936987,-7.424086566742428
4.5981832543443915,-1.1614602550764888,-6.146292605864453,-7.826789247228961
4.60618009478673,-0.6993989134204037,-5.577931799791919,-8.229491927715495
4.614176935229068,-0.2373375717643187,-5.009570993719386,-8.632194608202028
4.622173775671405,-0.8657294932555359,1.4471702515491947,-4.71959411836202
4.630170616113744,0.9112322274880005,-1.1452239336487295,3.6529763033173053
4.638167456556082,16.910239336492765,-16.389504423380828,-9.38965118483384
4.64616429699842,26.388636545550316,-9.639358757240704,-29.433033133227934
4.654161137440758,27.31520379146914,-11.323386729857724,-26.726475829384043
4.662157977883096,28.24177103738807,-13.007414702474932,-24.01991852553985
4.670154818325434,29.168338283306994,-14.691442675092137,-21.313361221695658
4.6781516587677725,30.094905529225922,-16.375470647709346,-18.606803917851465
4.686148499210111,31.02147277514485,-18.05949862032655,-15.900246614007271
4.694145339652448,31.948040021063676,-19.743526592943574,-13.193689310163379
4.7021421800947865,32.8746072669826,-21.42755456556078,-10.487132006319186
4.710139020537125,33.801174512901525,-23.111582538177984,-7.780574702474993
4.718135860979463,33.78651500789799,-21.60592259083418,-2.8755766192711
4.7261327014218,1.9977914691947218,-28.102734597156555,-5.4923649289090415
4.734129541864139,1.6439799404827455,-5.554888790918198,-6.822448914361291
4.742126382306477,1.705908960652482,-4.563187589551473,-6.827191226716632
4.750123222748815,1.7678379808222184,-3.5714863881847476,-6.831933539071972
4.758120063191153,1.829767000991948,-2.5797851868181327,-6.836675851427311
4.766116903633491,1.8916960211616844,-1.5880839854514077,-6.841418163782651
4.774113744075829,1.9536250413314207,-0.5963827840846827,-6.846160476137992
4.7821105845181675,2.0155540615011573,0.3953184172820423,-6.8509027884933325
4.790107424960505,2.077483081670887,1.3870196186486572,-6.855645100848672
4.798104265402843,2.139412101840623,2.378720820015383,-6.860387413204012
4.8061011058451815,2.2013411220103594,3.370422021382108,-6.865129725559353
4.81409794628752,2.263270142180096,4.362123222748833,-6.869872037914693
4.822094786729857,-1.1401113744071611,-6.6562251184844925,-2.003267772511777
4.830091627172195,-1.338201820992409,-5.077003193531438,-2.252700062851396
4.838088467614534,-1.0057740236797228,-4.7206708624233755,-2.43955096910087
4.846085308056872,-0.6733462263670366,-4.364338531315313,-2.6264018753503438
4.85408214849921,-0.34091842905435055,-4.00800620020725,-2.813252781599818
4.862078988941548,-0.008490631741701282,-3.651673869099226,-3.000103687849271
4.870075829383886,0.32393716557098484,-3.2953415379911632,-3.1869545940987454
4.878072669826224,0.656364962883671,-2.9390092068831004,-3.3738055003482197
4.8860695102685625,0.9887927601963571,-2.5826768757750376,-3.5606564065976936
4.8940663507109,1.3212205575090064,-2.2263445446670143,-3.747507312847147
4.902063191153238,1.6536483548216925,-1.870012213558951,-3.934358219096621
4.9100600315955765,1.9860761521343786,-1.5136798824508881,-4.121209125346095
4.918056872037915,1.968691943127973,-2.2224146919430883,-3.1523744075829834
4.926053712480252,2.471251843075242,-2.988279225908294,-6.2648931016322
4.93405055292259,3.0825712262352223,-3.7832511303589875,-8.63525870240235
4.942047393364929,3.140203628043798,-3.8993431933322436,-8.736184343847034
4.950044233807267,3.197836029852374,-4.0154352563055,-8.837109985291717
4.958041074249604,3.255468431660944,-4.131527319278743,-8.93803562673639
4.966037914691943,3.31310083346952,-4.247619382251999,-9.038961268181072
4.974034755134281,3.370733235278096,-4.363711445225255,-9.139886909625757
4.982031595576619,3.4283656370866717,-4.479803508198511,-9.24081255107044
4.9900284360189575,3.485998038895248,-4.595895571171767,-9.341738192515123
4.998025276461295,3.5436304407038177,-4.71198763414501,-9.442663833959795
5.006022116903633,3.601262842512394,-4.828079697118266,-9.54358947540448
5.0140189573459715,3.65889524432097,-4.944171760091523,-9.644515116849163
5.02201579778831,5.9200494997372175,-8.125921537652115,-7.358828857292766
5.030012638230647,2.3354570826751093,-1.4026756187467104,-9.150360716166395
5.038009478672985,1.9497428120063254,-1.3661567140600321,-9.3364205371248
5.046006319115324,1.5640285413375417,-1.329637809373354,-9.522480358083204
5.054003159557662,1.178314270668758,-1.2931189046866758,-9.708540179041607
5.061999999999999,0.7926000000000168,-1.2566000000000017,-9.894599999999992
5.069996840442338,0.4068857293312331,-1.2200810953133234,-10.080659820958395
5.077993680884676,0.021171458662449183,-1.1835621906266451,-10.2667196419168
5.085990521327014,-0.3645428120063343,-1.147043285939967,-10.452779462875204
5.093987361769352,-0.7502570826750752,-1.1105243812532928,-10.638839283833589
5.10198420221169,-1.1359713533438591,-1.0740054765666147,-10.824899104791992
5.109981042654028,-1.521685624012643,-1.0374865718799364,-11.010958925750398
5.1179778830963665,-4.012889415481929,-7.763976303317833,-13.8686113744077
5.125974723538705,-2.5649728549830977,-4.751654860792607,-0.9986838743651164
5.133971563981042,-2.6347947306731836,-4.758791825918564,-0.8741739285532395
5.14196840442338,-2.704616606363277,-4.765928791044522,-0.7496639827413487
5.149965244865719,-2.77443848205337,-4.77306575617048,-0.6251540369294581
5.157962085308057,-2.8442603577434635,-4.780202721296438,-0.5006440911175674
5.165958925750394,-2.9140822334335494,-4.787339686422395,-0.37613414530569045
5.173955766192733,-2.983904109123643,-4.794476651548353,-0.25162419949379977
5.181952606635071,-3.0537259848137364,-4.80161361667431,-0.1271142536819091
5.189949447077409,-3.1235478605038294,-4.808750581800268,-0.0026043078700184186
5.197946287519747,-3.1933697361939153,-4.815887546926225,0.1219056379418586
5.205943127962085,-3.2631916118840083,-4.823024512052183,0.24641558375374917
5.213939968404423,-3.333013487574102,-4.830161477178141,0.37092552956563996
5.2219368088467615,4.106075829384146,-5.631338072670193,-11.502567140600185
5.229933649289099,3.8446686497933125,-5.344410204699031,-11.301254209942552
5.237930489731437,3.62560626533564,-5.118031561964325,-11.075726294914478
5.245927330173775,3.4065438808779676,-4.89165291922962,-10.850198379886406
5.253924170616114,3.187481496420295,-4.665274276494914,-10.624670464858331
5.261921011058451,2.968419111962647,-4.438895633760234,-10.399142549830284
5.269917851500789,2.749356727504975,-4.212516991025529,-10.17361463480221
5.277914691943128,2.530294343047302,-3.9861383482908237,-9.948086719774135
5.285911532385466,2.31123195858963,-3.7597597055561183,-9.722558804746063
5.293908372827804,2.0921695741319577,-3.533381062821413,-9.497030889717989
5.301905213270142,1.8731071896743097,-3.3070024200867327,-9.271502974689941
5.30990205371248,1.6540448052166372,-3.0806237773520273,-9.045975059661867
5.317898894154818,1.680212480252747,-4.4361350710899075,-7.741309636650973
5.3258957345971565,1.167842022116902,-5.697593996840442,-7.95063349131122
5.333892575039494,0.13400631911540073,-6.024539757767036,-8.589999473407294
5.341889415481832,-0.017561387084821217,-6.491735084742456,-7.96130520936946
5.34988625592417,-0.0019626119010009435,-6.509999473407055,-7.82585255397578
5.357883096366509,0.01363616328281933,-6.528263862071656,-7.6903998985821005
5.365879936808846,0.029234938466637876,-6.546528250736253,-7.554947243188435
5.373876777251184,0.04483371365045814,-6.564792639400853,-7.419494587794755
5.381873617693523,0.06043248883427843,-6.583057028065452,-7.284041932401076
5.389870458135861,0.0760312640180987,-6.601321416730052,-7.148589277007396
5.397867298578198,0.09163003920191724,-6.6195858053946495,-7.013136621613731
5.405864139020537,0.1072288143857375,-6.637850194059249,-6.877683966220052
5.413860979462875,0.12282758956955778,-6.656114582723849,-6.742231310826372
5.421857819905213,1.0518033175354757,-5.292466824644652,-7.550258293838799
5.4298546603475515,1.9624244339125854,-5.5695904377984755,-7.82416397014763
5.437851500789889,1.9757525013164812,-5.762249950064444,-7.629206515225818
5.445848341232227,1.9890805687203783,-5.954909462330433,-7.434249060303984
5.4538451816745654,2.0024086361242754,-6.147568974596423,-7.23929160538215
5.461842022116904,2.0157367035281726,-6.340228486862412,-7.044334150460317
5.469838862559241,2.0290647709320684,-6.532887999128381,-6.8493766955385045
5.477835703001579,2.0423928383359655,-6.725547511394369,-6.6544192406166705
5.485832543443918,2.0557209057398627,-6.918207023660359,-6.459461785694837
5.493829383886256,2.06904897314376,-7.110866535926348,-6.264504330773003
5.501826224328593,2.0823770405476556,-7.3035260481923165,-6.0695468758511915
5.509823064770932,2.0957051079515527,-7.496185560458306,-5.874589420929357
5.51781990521327,1.2755165876778616,-9.054819905213039,-5.616625592417079
5.525816745655608,-0.2838409801351196,-6.462414221370704,-8.57473994151457
5.533813586097946,-0.23228688111324253,-6.3046042317905355,-8.525738025612588
5.541810426540284,-0.18073278209135973,-6.14679424221035,-8.4767361097106
5.549807266982622,-0.1291786830694769,-5.988984252630164,-8.427734193808613
5.5578041074249604,-0.07762458404759412,-5.831174263049979,-8.378732277906625
5.565800947867299,-0.026070485025711354,-5.673364273469793,-8.329730362004637
5.573797788309636,0.02548361399616572,-5.5155542838896245,-8.280728446102655
5.581794628751974,0.07703771301804851,-5.357744294309439,-8.231726530200667
5.589791469194313,0.12859181203993136,-5.199934304729253,-8.18272461429868
5.597788309636651,0.18014591106181416,-5.042124315149067,-8.133722698396692
5.605785150078988,0.23170001008369118,-4.8843143255689,-8.08472078249471
5.613781990521327,0.28325410910557397,-4.726504335988714,-8.035718866592722
5.621778830963665,1.247819115323824,-5.191060821484975,-8.087085110584516
5.629775671406003,1.595225208243574,-6.2431093099238755,-7.474721905069653
5.637772511848341,1.6078565812149934,-6.120521380870318,-7.461545292977165
5.645769352290679,1.6204879541864141,-5.9979334518167455,-7.448368680884676
5.653766192733017,1.6331193271578346,-5.8753455227631735,-7.435192068792187
5.6617630331753555,1.6457507001292553,-5.752757593709601,-7.422015456699698
5.669759873617693,1.6583820731006746,-5.630169664656043,-7.40883884460721
5.677756714060031,1.6710134460720953,-5.507581735602471,-7.395662232514721
5.685753554502369,1.683644819043516,-5.384993806548899,-7.382485620422232
5.693750394944708,1.6962761920149367,-5.262405877495327,-7.369309008329743
5.701747235387045,1.708907564986356,-5.1398179484417685,-7.356132396237255
5.709744075829383,1.7215389379577766,-5.0172300193881965,-7.342955784144766
5.717740916271722,1.712767286426054,-4.9171707376351925,-7.392496050552924
5.72573775671406,1.4943920281929832,-5.037738485842747,-8.056233807266961
5.733734597156398,1.200814112690894,-5.367156398104259,-8.407510268562401
5.741731437598736,0.6909046728194892,-5.890604494055044,-8.054919348133367
5.749728278041074,0.7007955017876444,-5.875347364263741,-8.010305396191901
5.757725118483412,0.7106863307557996,-5.8600902344724375,-7.965691444250435
5.7657219589257505,0.7205771597239548,-5.8448331046811335,-7.92107749230897
5.773718799368088,0.7304679886921088,-5.829575974889832,-7.876463540367508
5.781715639810426,0.740358817660264,-5.814318845098529,-7.831849588426043
5.789712480252764,0.7502496466284192,-5.799061715307226,-7.787235636484577
5.797709320695103,0.7601404755965744,-5.783804585515923,-7.742621684543111
5.80570616113744,0.7700313045647285,-5.768547455724621,-7.69800773260165
5.813703001579778,0.7799221335328836,-5.7532903259333175,-7.653393780660185
5.821699842022117,1.1327282780410506,-6.2705624012637875,-7.2449131121643235
5.829696682464455,1.0065826293014637,-6.49891891613435,-7.294696682464455
5.837693522906792,0.9803321313277039,-6.500483515351329,-7.302693522906792
5.845690363349131,0.9540816333539411,-6.502048114568308,-7.3106903633491305
5.853687203791469,0.9278311353801785,-6.503612713785287,-7.318687203791469
5.861684044233807,0.9015806374064157,-6.5051773130022665,-7.326684044233807
5.8696808846761455,0.8753301394326529,-6.506741912219246,-7.334680884676145
5.877677725118483,0.8490796414588931,-6.508306511436225,-7.342677725118483
5.885674565560821,0.8228291434851305,-6.509871110653204,-7.350674565560821
5.893671406003159,0.7965786455113677,-6.511435709870184,-7.358671406003159
5.901668246445498,0.7703281475376049,-6.513000309087163,-7.366668246445498
5.909665086887835,0.7440776495638451,-6.514564908304142,-7.374665086887835
5.917661927330173,0.7186761453396528,-6.439878357030043,-7.464740916271691
5.925658767772512,1.217649881516587,-6.188975266587678,-7.646673578199052
5.93365560821485,1.234643167456556,-6.185893151000527,-7.639676342812006
5.941652448657187,1.251636453396523,-6.182811035413376,-7.632679107424961
5.949649289099526,1.2686297393364918,-6.179728919826225,-7.625681872037915
5.957646129541864,1.2856230252764607,-6.176646804239073,-7.618684636650869
5.965642969984202,1.3026163112164295,-6.173564688651922,-7.611687401263823
5.97363981042654,1.3196095971563964,-6.170482573064771,-7.604690165876778
5.981636650868878,1.3366028830963652,-6.16740045747762,-7.597692930489732
5.989633491311216,1.353596169036334,-6.164318341890469,-7.590695695102686
5.997630331753554,1.370589454976303,-6.161236226303317,-7.583698459715641
6.005627172195893,1.3875827409162718,-6.158154110716166,-7.576701224328595
6.01362401263823,1.4045760268562386,-6.155071995129015,-7.569703988941549
6.021620853080568,1.246299763033187,-5.97805805687205,-7.5414123222748835
6.029617693522907,0.9502684187850067,-5.760397098951602,-7.191900617549906
6.037614533965245,0.9565386686772946,-5.767303461151803,-7.171635896883526
6.045611374407582,0.9628089185695818,-5.774209823352003,-7.151371176217148
6.053608214849921,0.9690791684618698,-5.781116185552205,-7.131106455550768
6.061605055292259,0.9753494183541578,-5.788022547752406,-7.110841734884388
6.069601895734597,0.9816196682464458,-5.794928909952607,-7.090577014218008
6.077598736176935,0.9878899181387331,-5.8018352721528075,-7.0703122935516305
6.085595576619273,0.994160168031021,-5.808741634353009,-7.0500475728852505
6.093592417061611,1.000430417923309,-5.81564799655321,-7.029782852218871
6.101589257503949,1.006700667815597,-5.822554358753411,-7.009518131552491
6.109586097946287,1.0129709177078843,-5.829460720953612,-6.989253410886113
6.117582938388625,1.0279498984427884,-5.937890995260652,-7.046606635071082
6.125579778830963,1.078215752651771,-6.4576856240126315,-7.4184597156398056
6.133576619273302,1.0409458361543662,-6.595005228315655,-7.775007372301211
6.141573459715639,1.0203825321597846,-6.589959602798466,-7.749684044233809
6.149570300157977,0.9998192281652005,-6.584913977281277,-7.724360716166404
6.157567140600316,0.9792559241706165,-6.579868351764087,-7.699037388099001
6.165563981042654,0.9586926201760324,-6.574822726246897,-7.673714060031596
6.173560821484992,0.9381293161814485,-6.569777100729707,-7.6483907319641915
6.18155766192733,0.9175660121868667,-6.564731475212518,-7.62306740389679
6.189554502369668,0.8970027081922827,-6.559685849695329,-7.597744075829385
6.197551342812006,0.8764394041976986,-6.554640224178139,-7.572420747761981
6.205548183254344,0.8558761002031146,-6.549594598660949,-7.547097419694577
6.213545023696682,0.8353127962085328,-6.544548973143761,-7.521774091627175
6.22154186413902,1.0202417061611566,-6.447079778831021,-7.4805086887836465
6.229538704581358,0.9558361106864394,-6.246188639181913,-7.238406173028249
6.237535545023697,0.9519666717627273,-6.2207363298170515,-7.24012592366101
6.245532385466034,0.9480972328390157,-6.195284020452193,-7.241845674293771
6.253529225908372,0.9442277939153036,-6.169831711087331,-7.2435654249265315
6.261526066350711,0.9403583549915916,-6.144379401722469,-7.245285175559292
6.269522906793049,0.9364889160678795,-6.118927092357607,-7.247004926192053
6.277519747235386,0.9326194771441678,-6.0934747829927485,-7.248724676824814
6.285516587677725,0.9287500382204558,-6.068022473627887,-7.250444427457575
6.293513428120063,0.9248805992967437,-6.042570164263025,-7.252164178090336
6.301510268562401,0.9210111603730317,-6.017117854898164,-7.253883928723097
6.309507109004739,0.9171417214493196,-5.991665545533302,-7.255603679355858
6.317503949447077,0.9891974723538578,-6.046197472353858,-7.407394944707716
6.325500789889415,1.1229310333112497,-6.016726035774346,-7.385549508230136
6.333497630331753,1.1323036742597967,-6.019047699128573,-7.396899862406359
6.341494470774092,1.1416763152083436,-6.021369362482801,-7.408250216582581
6.349491311216429,1.1510489561568897,-6.023691025837028,-7.419600570758802
6.357488151658767,1.1604215971054366,-6.026012689191255,-7.430950924935024
6.365484992101106,1.1697942380539836,-6.028334352545483,-7.442301279111246
6.373481832543444,1.1791668790025307,-6.03065601589971,-7.4536516332874685
6.381478672985781,1.1885395199510767,-6.0329776792539365,-7.4650019874636895
6.38947551342812,1.1979121608996237,-6.035299342608163,-7.476352341639911
6.397472353870458,1.2072848018481708,-6.037621005962391,-7.487702695816133
6.405469194312796,1.2166574427967178,-6.039942669316618,-7.499053049992355
6.4134660347551335,1.2260300837452638,-6.042264332670845,-7.510403404168576
6.421462875197472,0.9132053712480392,-6.40795181674564,-7.101031858873074
6.42945971563981,0.8099898823153524,-6.531339048937643,-7.232585441184301
6.437456556082148,0.8164592363810642,-6.545445834886487,-7.231237659087278
6.445453396524487,0.822928590446776,-6.559552620835331,-7.229889876990255
6.453450236966824,0.8293979445124872,-6.573659406784174,-7.228542094893232
6.461447077409162,0.835867298578199,-6.587766192733017,-7.227194312796208
6.469443917851501,0.8423366526439108,-6.601872978681861,-7.225846530699185
6.477440758293839,0.8488060067096227,-6.615979764630705,-7.224498748602162
6.485437598736176,0.8552753607753337,-6.630086550579548,-7.2231509665051385
6.493434439178515,0.8617447148410456,-6.644193336528391,-7.221803184408115
6.501431279620853,0.8682140689067575,-6.658300122477235,-7.220455402311092
6.509428120063191,0.8746834229724693,-6.672406908426079,-7.219107620214069
6.5174249605055286,0.895026856240119,-6.677911532385469,-7.226549763033171
6.525421800947867,0.979357173632049,-6.643743214131842,-7.2745308056872
6.533418641390205,0.9698316927937795,-6.526895613075713,-7.326955523149834
6.541415481832543,0.9500774091627175,-6.419661927330174,-7.470791469194318
6.549412322274881,0.9538013321378249,-6.414687844242347,-7.505288843345715
6.557409162717219,0.9546658554288885,-6.406799069211392,-7.498048460783058
6.565406003159557,0.9555303787199522,-6.398910294180436,-7.4908080782204
6.573402843601896,0.9563949020110157,-6.391021519149481,-7.483567695657743
6.581399684044234,0.9572594253020793,-6.383132744118526,-7.476327313095085
6.589396524486571,0.9581239485931429,-6.375243969087571,-7.469086930532429
6.59739336492891,0.9589884718842064,-6.367355194056616,-7.46184654796977
6.605390205371248,0.95985299517527,-6.359466419025661,-7.454606165407113
6.613387045813586,0.9607175184663337,-6.351577643994705,-7.4473657828444555
6.621383886255924,1.0105450236966915,-6.083668246445464,-7.442988151658804
6.629380726698262,0.9872865345088255,-6.139675788615399,-7.369866347313528
6.6373775671406,0.9763661179907936,-6.143029302349284,-7.352152915796091
6.645374407582938,0.9654457014727619,-6.146382816083167,-7.334439484278653
6.653371248025276,0.9545252849547312,-6.149736329817051,-7.316726052761218
6.661368088467614,0.9436048684366993,-6.1530898435509345,-7.29901262124378
6.669364928909952,0.9326844519186674,-6.156443357284818,-7.281299189726343
6.677361769352291,0.9217640354006357,-6.1597968710187025,-7.263585758208905
6.685358609794628,0.910843618882605,-6.163150384752586,-7.24587232669147
6.693355450236966,0.8999232023645731,-6.16650389848647,-7.228158895174032
6.701352290679305,0.8890027858465412,-6.169857412220353,-7.210445463656595
6.709349131121643,0.8780823693285095,-6.173210925954237,-7.192732032139157
6.71734597156398,0.9544691943127449,-6.149753554502385,-7.316635071089964
6.725342812006319,1.037303317535542,-6.408684044233787,-7.364725118483414
6.733339652448657,1.0087210254200776,-6.570393221312652,-7.366041002441476
6.741336492890995,1.000815058164584,-6.569484489444205,-7.379581107281345
6.749333333333333,0.9929090909090906,-6.568575757575758,-7.393121212121213
6.757330173775671,0.985003123653598,-6.56766702570731,-7.406661316961079
6.765327014218009,0.9770971563981045,-6.566758293838863,-7.4202014218009475
6.773323854660347,0.9691911891426109,-6.565849561970415,-7.433741526640816
6.781320695102686,0.9612852218871174,-6.564940830101968,-7.447281631480684
6.789317535545023,0.9533792546316248,-6.56403209823352,-7.460821736320551
6.797314375987361,0.9454732873761312,-6.5631233663650725,-7.47436184116042
6.8053112164297,0.9375673201206378,-6.562214634496625,-7.487901946000287
6.813308056872038,0.9296613528651443,-6.5613059026281775,-7.501442050840156
6.821304897314375,0.8070758293838121,-6.330446287519715,-7.446060031595604
6.829301737756714,1.0469629346515135,-6.4336776062103995,-7.352903667465052
6.837298578199052,1.0545298374356615,-6.43453748152678,-7.340091525250982
6.84529541864139,1.0620967402198096,-6.43539735684316,-7.327279383036914
6.8532922590837275,1.0696636430039568,-6.43625723215954,-7.314467240822847
6.861289099526066,1.0772305457881048,-6.43711710747592,-7.301655098608777
6.869285939968404,1.084797448572253,-6.437976982792301,-7.288842956394708
6.877282780410742,1.092364351356401,-6.438836858108681,-7.27603081418064
6.885279620853081,1.099931254140549,-6.439696733425062,-7.263218671966571
6.893276461295418,1.1074981569246962,-6.440556608741442,-7.250406529752503
6.901273301737756,1.1150650597088443,-6.4414164840578225,-7.237594387538435
6.909270142180095,1.1226319624929924,-6.442276359374203,-7.2247822453243655
6.917266982622433,0.8445924170616068,-6.24520497630332,-7.118417061611384
6.92526382306477,0.8487048802356855,-6.394853251355621,-7.386057185147232
6.933260663507109,0.8577823747918532,-6.392043550659665,-7.40089816831049
6.941257503949447,0.866859869348021,-6.389233849963707,-7.4157391514737485
6.949254344391785,0.8759373639041886,-6.386424149267751,-7.430580134637007
6.9572511848341225,0.8850148584603553,-6.3836144485717945,-7.445421117800263
6.965248025276461,0.8940923530165231,-6.380804747875838,-7.460262100963522
6.973244865718799,0.9031698475726908,-6.377995047179882,-7.47510308412678
6.981241706161137,0.9122473421288586,-6.375185346483925,-7.489944067290039
6.989238546603475,0.9213248366850253,-6.372375645787969,-7.504785050453296
6.997235387045813,0.930402331241193,-6.3695659450920115,-7.519626033616554
7.005232227488151,0.9394798257973607,-6.366756244396055,-7.5344670167798125
7.01322906793049,0.9485573203535285,-6.363946543700099,-7.54930799994307
7.021225908372828,0.9576348149096962,-6.361136843004142,-7.564148983106329
7.029222748815165,0.9667123094658628,-6.358327142308186,-7.578989966269586
7.037219589257504,0.8662975250131906,-6.317185887309119,-7.138696682464539
7.045216429699842,0.9540809380193264,-6.280746414722717,-7.12323382778359
7.05321327014218,0.9618700683203053,-6.314083892410907,-7.164983566196836
7.0612101105845175,0.9696591986212832,-6.3474213700990925,-7.206733304610078
7.069206951026856,0.9774483289222621,-6.380758847787282,-7.248483043023326
7.077203791469194,0.985237459223241,-6.414096325475471,-7.290232781436572
7.085200631911532,0.9930265895242198,-6.447433803163661,-7.331982519849818
7.09319747235387,1.000815719825198,-6.4807712808518465,-7.37373225826306
7.101194312796208,1.0086048501261766,-6.514108758540036,-7.4154819966763075
7.109191153238546,1.0163939804271556,-6.547446236228225,-7.457231735089554
7.117187993680885,1.0140363349131138,-6.585169826224328,-7.505049763033174
7.125184834123222,0.9072916752524215,-6.623072017308882,-7.431441685555327
7.13318167456556,0.9025109554227627,-6.596560752798957,-7.420924101930078
7.141178515007899,0.8977302355931039,-6.570049488289031,-7.410406518304828
7.149175355450237,0.8929495157634453,-6.543538223779105,-7.39988893467958
7.157172195892574,0.8881687959337871,-6.517026959269183,-7.389371351054331
7.1651690363349125,0.8833880761041283,-6.490515694759257,-7.378853767429082
7.173165876777251,0.8786073562744696,-6.464004430249331,-7.368336183803833
7.181162717219589,0.8738266364448108,-6.437493165739405,-7.357818600178584
7.189159557661927,0.8690459166151521,-6.41098190122948,-7.347301016553335
7.197156398104265,0.864265196785494,-6.384470636719557,-7.336783432928087
7.205153238546603,0.8594844769558352,-6.357959372209631,-7.326265849302838
7.213150078988941,0.8547037571261764,-6.331448107699706,-7.3157482656775885
7.22114691943128,1.0052531595576624,-6.643175750394946,-7.425909952606634
7.229143759873617,0.9646025539757791,-6.54388164823592,-7.529868878357024
7.237140600315955,0.9413083804411961,-6.48407706656008,-7.570321970345839
7.245137440758294,0.934178667275738,-6.461050019985154,-7.5516305601553135
7.253134281200632,0.9270489541102798,-6.438022973410228,-7.532939149964788
7.261131121642969,0.9199192409448224,-6.414995926835305,-7.514247739774264
7.2691279620853075,0.9127895277793641,-6.391968880260379,-7.495556329583739
7.277124802527646,0.9056598146139059,-6.368941833685453,-7.476864919393213
7.285121642969984,0.8985301014484477,-6.345914787110527,-7.4581735092026875
7.2931184834123215,0.8914003882829903,-6.322887740535603,-7.439482099012164
7.30111532385466,0.8842706751175321,-6.299860693960678,-7.420790688821638
7.309112164296998,0.8771409619520738,-6.276833647385752,-7.402099278631113
7.317109004739336,0.8759905213270148,-6.216521327014213,-7.3482938388625545
7.325105845181675,0.9066113744075829,-6.541852553975777,-7.224158504476041
7.333102685624012,0.9089330377618099,-6.52990028707809,-7.224760417197507
7.34109952606635,0.9112547011160371,-6.517948020180402,-7.225362329918973
7.349096366508689,0.9135763644702644,-6.505995753282713,-7.225964242640439
7.357093206951027,0.9158980278244916,-6.494043486385025,-7.226566155361906
7.365090047393364,0.9182196911787186,-6.482091219487338,-7.227168068083372
7.3730868878357025,0.9205413545329458,-6.470138952589649,-7.227769980804838
7.381083728278041,0.9228630178871731,-6.4581866856919605,-7.228371893526304
7.389080568720379,0.9251846812414003,-6.446234418794273,-7.228973806247771
7.3970774091627165,0.9275063445956273,-6.434282151896586,-7.229575718969237
7.405074249605055,0.9298280079498545,-6.422329884998897,-7.230177631690703
7.413071090047393,0.9321496713040818,-6.410377618101209,-7.23077954441217
7.421067930489731,0.9122140600315992,-6.344465244865713,-7.317533175355444
7.429064770932069,0.7887327333723833,-6.24614161208442,-7.5330512274349015
7.437061611374407,0.8070625698919001,-6.242817082911763,-7.52550364769157
7.445058451816745,0.825392406411417,-6.2394925537391055,-7.51795606794824
7.453055292259084,0.8437222429309338,-6.236168024566449,-7.510408488204909
7.461052132701422,0.8620520794504507,-6.232843495393791,-7.502860908461579
7.469048973143759,0.8803819159699655,-6.229518966221134,-7.495313328718249
7.4770458135860975,0.8987117524894824,-6.226194437048476,-7.487765748974919
7.485042654028436,0.9170415890089992,-6.222869907875818,-7.4802181692315886
7.493039494470774,0.9353714255285162,-6.219545378703161,-7.472670589488258
7.5010363349131115,0.953701262048031,-6.2162208495305045,-7.465123009744928
7.50903317535545,0.9720310985675479,-6.212896320357847,-7.457575430001597
7.517030015797788,0.9740947867298597,-6.281586097946278,-7.4479099526066355
7.525026856240126,0.8459807368903839,-6.391553992763593,-7.381721738096451
7.533023696682464,0.8498501758140955,-6.374012536309434,-7.388514753095857
7.541020537124802,0.8537196147378076,-6.356471079855273,-7.395307768095262
7.54901737756714,0.8575890536615196,-6.3389296234011105,-7.402100783094667
7.557014218009479,0.8614584925852318,-6.321388166946949,-7.4088937980940734
7.565011058451816,0.8653279315089434,-6.30384671049279,-7.415686813093478
7.573007898894154,0.8691973704326554,-6.286305254038629,-7.422479828092884
7.5810047393364925,0.8730668093563675,-6.268763797584468,-7.429272843092289
7.589001579778831,0.8769362482800795,-6.251222341130306,-7.436065858091695
7.596998420221168,0.8808056872037913,-6.233680884676146,-7.4428588730911
7.6049952606635065,0.8846751261275033,-6.216139428221985,-7.449651888090505
7.612992101105845,0.8885445650512154,-6.198597971767824,-7.456444903089911
7.620988941548183,0.7723356152360964,-6.014907670703883,-7.489273126206773
7.628985781990521,0.6501616640337047,-5.96115113217483,-7.5328114797261705
7.636982622432859,0.5479131121642937,-5.917930489731434,-7.64027488151654
7.644979462875197,0.5856843139521427,-5.9345119639348045,-7.714979039032096
7.652976303317535,0.6231329326089465,-5.948847763264362,-7.718392324586753
7.660973143759874,0.6605815512657502,-5.96318356259392,-7.721805610141409
7.668969984202211,0.6980301699225497,-5.977519361923476,-7.725218895696066
7.676966824644549,0.7354787885793536,-5.991855161253033,-7.728632181250722
7.6849636650868876,0.7729274072361573,-6.006190960582591,-7.732045466805379
7.692960505529226,0.810376025892961,-6.020526759912149,-7.735458752360035
7.700957345971563,0.8478246445497606,-6.034862559241705,-7.738872037914692
7.7089541864139015,0.8852732632065643,-6.049198358571263,-7.742285323469348
7.71695102685624,0.922721881863368,-6.06353415790082,-7.7456986090240045
7.724947867298578,0.9069703791469239,-6.125905213270147,-7.534055687203788
7.7329447077409155,0.7123493086248809,-6.154984663720114,-7.615866411062002
7.740941548183254,0.7235808261000751,-6.144202406943928,-7.615686706782398
7.748938388625592,0.7348123435752694,-6.1334201501677414,-7.615507002502795
7.75693522906793,0.7460438610504637,-6.122637893391555,-7.6153272982231925
7.764932069510269,0.757275378525658,-6.111855636615369,-7.615147593943589
7.772928909952606,0.768506896000851,-6.101073379839184,-7.614967889663986
7.780925750394944,0.7797384134760452,-6.090291123062997,-7.614788185384383
7.7889225908372826,0.7909699309512395,-6.07950886628681,-7.61460848110478
7.796919431279621,0.8022014484264338,-6.068726609510624,-7.614428776825177
7.804916271721958,0.8134329659016268,-6.057944352734438,-7.614249072545574
7.8129131121642965,0.8246644833768211,-6.047162095958252,-7.61406936826597
7.820909952606635,0.791379146919429,-5.93478740690589,-7.640635748138114
7.828906793048973,0.8603633664913288,-5.910883773414579,-7.755333003489402
7.8369036334913105,0.8508726108015219,-5.908598961859625,-7.743733190979638
7.844900473933649,0.8413818551117138,-5.906314150304672,-7.7321333784698725
7.852897314375987,0.8318910994219058,-5.9040293387497185,-7.720533565960107
7.860894154818325,0.8224003437320977,-5.901744527194764,-7.708933753450341
7.868890995260663,0.8129095880422907,-5.899459715639811,-7.697333940940577
7.876887835703001,0.8034188323524827,-5.897174904084857,-7.685734128430812
7.884884676145339,0.7939280766626746,-5.894890092529903,-7.674134315921046
7.892881516587678,0.7844373209728666,-5.89260528097495,-7.6625345034112815
7.900878357030016,0.7749465652830585,-5.890320469419995,-7.650934690901516
7.908875197472353,0.7654558095932515,-5.888035657865042,-7.639334878391751
7.9168720379146915,0.710781990521364,-5.909981042654009,-7.661701421800921
7.92486887835703,0.7587328199052077,-6.132090442338074,-7.548191745655602
7.932865718799368,0.7072876487087734,-6.14889486410678,-7.475341602991907
7.9408625592417055,0.7254029403230478,-6.140571622013735,-7.474443998452462
7.948859399684044,0.7435182319373241,-6.132248379920689,-7.473546393913016
7.956856240126382,0.7616335235516005,-6.123925137827643,-7.47264878937357
7.96485308056872,0.7797488151658769,-6.1156018957345974,-7.471751184834123
7.972849921011058,0.7978641067801513,-6.107278653641552,-7.470853580294677
7.980846761453396,0.8159793983944277,-6.0989554115485065,-7.469955975755231
7.988843601895734,0.8340946900087041,-6.090632169455461,-7.469058371215785
7.996840442338073,0.8522099816229805,-6.082308927362415,-7.4681607666763385
8.00483728278041,0.8703252732372568,-6.073985685269369,-7.467263162136892
8.01283412322275,0.8884405648515332,-6.065662443176323,-7.466365557597446
8.020830963665086,0.9065558564658056,-6.057339201083279,-7.465467953058001
8.028827804107424,0.7953244865718777,-6.242858873091122,-7.664797051079535
8.036824644549762,0.8081194312796199,-6.1255718799368175,-7.5565731437598815
8.0448214849921,0.8163015883181759,-6.033129285683788,-7.478489069638359
8.052818325434439,0.8088450749327525,-6.024916314418684,-7.502587656376756
8.060815165876777,0.8013885615473292,-6.01670334315358,-7.5266862431151536
8.068812006319115,0.7939320481619058,-6.008490371888476,-7.5507848298535505
8.076808846761454,0.7864755347764825,-6.0002774006233714,-7.574883416591947
8.084805687203792,0.779019021391059,-5.992064429358268,-7.598982003330345
8.092802527646128,0.7715625080056373,-5.983851458093166,-7.623080590068737
8.100799368088467,0.764105994620214,-5.975638486828061,-7.647179176807135
8.108796208530805,0.7566494812347906,-5.967425515562957,-7.671277763545532
8.116793048973143,0.7491929678493673,-5.959212544297854,-7.6953763502839285
8.124789889415482,0.8293154291732457,-5.859373880989996,-7.696492364402308
8.13278672985782,0.7477003814587911,-5.88028343544099,-7.4898612877124044
8.140783570300158,0.7548195199013604,-5.903493777212654,-7.5087806419296435
8.148780410742496,0.7619386583439298,-5.926704118984319,-7.5276999961468825
8.156777251184833,0.7690577967864977,-5.949914460755979,-7.546619350364118
8.164774091627171,0.776176935229067,-5.973124802527643,-7.565538704581357
8.17277093206951,0.7832960736716363,-5.996335144299308,-7.584458058798596
8.180767772511848,0.7904152121142057,-6.019545486070972,-7.603377413015835
8.188764612954186,0.7975343505567751,-6.042755827842637,-7.622296767233074
8.196761453396524,0.8046534889993445,-6.065966169614301,-7.641216121450313
8.204758293838863,0.8117726274419139,-6.089176511385966,-7.660135475667553
8.2127551342812,0.8188917658844833,-6.112386853157631,-7.679054829884792
8.22075197472354,0.858452132701432,-5.921623380726683,-7.7644723538704525
8.228748815165876,0.8615649582254366,-5.894904675819615,-7.779293594566861
8.236745655608214,0.8580199671015134,-5.877262161854044,-7.798172733343103
8.244742496050552,0.8544749759775903,-5.859619647888472,-7.817051872119345
8.25273933649289,0.850929984853667,-5.841977133922901,-7.835931010895587
8.260736176935229,0.8473849937297439,-5.82433461995733,-7.854810149671829
8.268733017377567,0.8438400026058207,-5.806692105991759,-7.873689288448071
8.276729857819905,0.8402950114818976,-5.789049592026188,-7.8925684272243135
8.284726698262244,0.8367500203579743,-5.771407078060617,-7.911447566000556
8.29272353870458,0.8332050292340519,-5.75376456409505,-7.930326704776793
8.300720379146918,0.8296600381101288,-5.736122050129478,-7.9492058435530355
8.308717219589257,0.8261150469862056,-5.718479536163907,-7.968084982329277
8.316714060031595,0.8225700558622824,-5.700837022198336,-7.986964121105519
8.324710900473933,0.8111232227487738,-5.88368878357033,-7.573684044233727
8.332707740916272,0.8830616113744065,-5.830652589081974,-7.7043597331929075
8.34070458135861,0.895056872037914,-5.820700965420397,-7.716710408987185
8.348701421800948,0.9070521327014214,-5.810749341758821,-7.729061084781463
8.356698262243286,0.9190473933649289,-5.800797718097245,-7.741411760575741
8.364695102685623,0.9310426540284337,-5.79084609443567,-7.753762436370017
8.372691943127961,0.9430379146919411,-5.7808944707740935,-7.766113112164295
8.3806887835703,0.9550331753554485,-5.770942847112517,-7.778463787958573
8.388685624012638,0.9670284360189559,-5.76099122345094,-7.790814463752851
8.396682464454976,0.9790236966824635,-5.751039599789364,-7.803165139547129
8.404679304897314,0.9910189573459709,-5.741087976127788,-7.815515815341407
8.412676145339653,1.0030142180094783,-5.731136352466211,-7.827866491135685
8.42067298578199,0.6052753123654,-6.116099956915184,-7.912333476949564
8.428669826224327,0.9920315955765483,-6.702777251184727,-7.644075829383936
8.436666666666666,0.572079365079363,-4.9801507936507825,-8.058805555555555
8.444663507109004,0.591881065222296,-5.087346535770699,-8.071467219589257
8.452660347551342,0.6116827653652289,-5.194542277890615,-8.08412888362296
8.46065718799368,0.631484465508162,-5.30173802001053,-8.096790547656662
8.468654028436019,0.6512861656510949,-5.408933762130447,-8.109452211690364
8.476650868878357,0.6710878657940279,-5.516129504250363,-8.122113875724066
8.484647709320695,0.6908895659369608,-5.623325246370279,-8.134775539757769
8.492644549763034,0.7106912660798939,-5.730520988490195,-8.14743720379147
8.50064139020537,0.7304929662228224,-5.8377167306100874,-8.16009886782517
8.508638230647708,0.7502946663657554,-5.944912472730003,-8.172760531858872
8.516635071090047,0.7700963665086884,-6.05210821484992,-8.185422195892574
8.524631911532385,0.7858712823682862,-7.490164159626342,-8.099594752386839
8.532628751974723,0.6070723607390498,-7.365691599697773,-8.094466343842296
8.540625592417062,0.42827343910981336,-7.241219039769204,-8.089337935297753
8.5486224328594,0.24947451748057692,-7.116746479840635,-8.08420952675321
8.556619273301738,0.07067559585134042,-6.992273919912066,-8.079081118208668
8.564616113744075,-0.10812332577785633,-6.867801359983524,-8.073952709664125
8.572612954186413,-0.2869222474070927,-6.743328800054956,-8.068824301119582
8.580609794628751,-0.4657211690363292,-6.618856240126386,-8.06369589257504
8.58860663507109,-0.6445200906655657,-6.494383680197817,-8.058567484030497
8.596603475513428,-0.823319012294802,-6.369911120269248,-8.053439075485954
8.604600315955766,-1.0021179339240385,-6.245438560340679,-8.048310666941411
8.612597156398104,-1.180916855553275,-6.12096600041211,-8.043182258396868
8.620593996840443,-1.4279354265402677,-5.730694510268538,-7.178876579778847
8.62859083728278,-1.0545139733534672,-5.198889163835648,-7.5424283717093745
8.636587677725117,-0.9766686239147928,-5.178224761984654,-7.6350643375413965
8.644584518167456,-0.8988232744761013,-5.157560360133656,-7.72770030337344
8.652581358609794,-0.8209779250374097,-5.136895958282658,-7.820336269205483
8.660578199052132,-0.7431325755987181,-5.11623155643166,-7.912972235037525
8.66857503949447,-0.6652872261600267,-5.095567154580662,-8.005608200869569
8.676571879936809,-0.587441876721335,-5.074902752729663,-8.098244166701612
8.684568720379147,-0.5095965272826435,-5.0542383508786655,-8.190880132533655
8.692565560821485,-0.4317511778439519,-5.033573949027667,-8.283516098365697
8.700562401263822,-0.3539058284052776,-5.012909547176673,-8.37615206419772
8.70855924170616,-0.27606047896658614,-4.9922451453256755,-8.468788030029764
8.716556082148498,-0.19821512952789455,-4.971580743474677,-8.561423995861805
8.724552922590837,-0.12036978008920296,-4.950916341623679,-8.654059961693848
8.732549763033175,-0.04252443065051148,-4.930251939772681,-8.746695927525892
8.740546603475513,-0.009810953133199123,-4.911819905213269,-8.798928383359687
8.748543443917852,-1.0115739863082598,-2.9186608741457216,-8.113171142706596
8.75654028436019,-0.020549126405907475,-7.9489643488717485,-7.695672915045611
8.764537124802526,-0.24362516799884615,-7.878186343165695,-7.555191106080984
8.772533965244865,-0.46670120959183437,-7.807408337459627,-7.414709297116325
8.780530805687203,-0.6897772511848227,-7.736630331753559,-7.2742274881516655
8.788527646129541,-0.9128532927778109,-7.66585232604749,-7.133745679187007
8.79652448657188,-1.135929334370799,-7.595074320341421,-6.993263870222348
8.804521327014218,-1.3590053759637875,-7.524296314635353,-6.85278206125769
8.812518167456556,-1.5820814175567754,-7.453518308929285,-6.712300252293031
8.820515007898894,-1.45629139738615,-7.140695533534363,-6.829089760160876
8.828511848341233,-0.5700960792761978,-6.300300301594163,-7.506640241275294
8.836508688783569,1.1770718596832603,-9.218276420788342,-6.722263134443249
8.844505529225907,1.036717057560681,-8.829609470571615,-6.616356260379973
8.852502369668246,0.8963622554381014,-8.44094252035489,-6.510449386316697
8.860499210110584,0.7560074533155221,-8.052275570138162,-6.404542512253422
8.868496050552922,0.6156526511929428,-7.663608619921437,-6.298635638190146
8.87649289099526,0.4752978490703633,-7.27494166970471,-6.19272876412687
8.884489731437599,0.334943046947784,-6.886274719487984,-6.086821890063595
8.892486571879937,0.19458824482520454,-6.497607769271257,-5.980915016000319
8.900483412322274,0.05423344270265629,-6.108940819054617,-5.875008141937066
8.908480252764612,-0.08612135941992305,-5.720273868837891,-5.769101267873791
8.91647709320695,0.9113797788305342,-8.189683412321202,-4.381654344392301
8.924473933649288,-0.4076158003995301,-3.5873550193881423,-10.587790803337143
8.932470774091627,-0.3061682790855681,-3.92467628895587,-10.435189939028389
8.940467614533965,-0.20472075777160612,-4.261997558523597,-10.282589074719635
8.948464454976303,-0.10327323645764414,-4.5993188280913255,-10.129988210410879
8.956461295418642,-0.0018257151436821828,-4.936640097659053,-9.977387346102125
8.96445813586098,0.09962180617027977,-5.27396136722678,-9.824786481793371
8.972454976303316,0.2010693274842193,-5.611282636794433,-9.67218561748465
8.980451816745655,0.30251684879818125,-5.948603906362161,-9.519584753175895
8.988448657187993,0.4039643701121432,-6.285925175929888,-9.366983888867141
8.996445497630331,0.5054118914261052,-6.623246445497616,-9.214383024558387
9.00444233807267,0.606859412740067,-6.960567715065343,-9.061782160249631
9.012439178515008,0.7083069340540291,-7.297888984633071,-8.909181295940877
9.020436018957346,0.8097544553679912,-7.635210254200798,-8.756580431632123
9.028432859399684,0.911201976681953,-7.9725315237685255,-8.60397956732337
9.03642969984202,1.0126494979958924,-8.309852793336178,-8.451378703014647
9.044426540284359,0.9811635071090709,-9.098414691942834,-7.088476303318248
9.052423380726697,2.4200075586340875,-7.030321448535654,-4.3247380483655
9.060420221169036,2.509941256531769,-7.127636845303186,-4.6097946530562375
9.068417061611374,2.5998749544294513,-7.22495224207072,-4.894851257746975
9.076413902053712,2.6898086523271334,-7.322267638838253,-5.179907862437713
9.08441074249605,2.779742350224815,-7.419583035605785,-5.464964467128451
9.092407582938389,2.869676048122497,-7.516898432373318,-5.750021071819188
9.100404423380727,2.9596097460201793,-7.6142138291408505,-6.035077676509926
9.108401263823064,3.049543443917841,-7.711529225908362,-6.3201342812006
9.116398104265402,3.012981042654263,-8.094815165876218,-6.726156398104005
9.12439494470774,0.29798550724637374,-4.809549694347126,-7.07201263823065
9.132391785150078,0.33466666666666434,-4.971659557661917,-7.052020537124804
9.140388625592417,0.37134782608695494,-5.133769420976709,-7.032028436018958
9.148385466034755,0.40802898550724553,-5.2958792842915,-7.0120363349131125
9.156382306477093,0.44471014492753613,-5.457989147606291,-6.992044233807267
9.164379146919432,0.48139130434782673,-5.620099010921083,-6.972052132701421
9.172375987361768,0.5180724637681092,-5.782208874235838,-6.952060031595581
9.180372827804106,0.5547536231883998,-5.9443187375506295,-6.932067930489735
9.188369668246445,0.5914347826086904,-6.106428600865422,-6.912075829383889
9.196366508688783,0.628115942028981,-6.268538464180213,-6.892083728278044
9.204363349131121,0.6647971014492717,-6.430648327495004,-6.872091627172198
9.21236018957346,0.7014782608695622,-6.592758190809795,-6.852099526066352
9.220357030015798,0.3694590770058066,-6.102156868676672,-6.317568720379131
9.228353870458136,0.4693345097643726,-6.240059829921677,-6.509492890995251
9.236350710900474,0.5692099425229386,-6.377962791166681,-6.701417061611371
9.24434755134281,0.6690853752814823,-6.5158657524116546,-6.893341232227448
9.25234439178515,0.7689608080400483,-6.6537687136566595,-7.085265402843568
9.260341232227487,0.8688362407986143,-6.791671674901664,-7.2771895734596885
9.268338072669826,0.9687116735571802,-6.929574636146668,-7.469113744075808
9.276334913112164,1.0685871063157462,-7.067477597391673,-7.661037914691928
9.284331753554502,1.1684625390743122,-7.205380558636678,-7.8529620853080475
9.29232859399684,1.268337971832878,-7.343283519881682,-8.044886255924167
9.300325434439179,1.368213404591444,-7.481186481126687,-8.236810426540288
9.308322274881515,1.4680888373499879,-7.619089442371661,-8.428734597156364
9.316319115323854,-0.2865663507138496,-6.160051342811632,-8.069574249605049
9.324315955766192,1.5084774958957006,-6.5652005699594,-7.877186444878137
9.33231279620853,1.294758015054386,-6.731566211318633,-7.66205575689994
9.340309636650868,1.0810385342130715,-6.897931852677866,-7.446925068921741
9.348306477093207,0.8673190533717567,-7.064297494037099,-7.231794380943544
9.356303317535545,0.6535995725304422,-7.230663135396332,-7.016663692965346
9.364300157977883,0.43988009168912745,-7.397028776755565,-6.8015330049871485
9.372296998420222,0.22616061084781292,-7.5633944181147985,-6.58640231700895
9.380293838862558,0.012441130006545675,-7.729760059473995,-6.371271629030801
9.388290679304896,-0.20127835083476886,-7.896125700833228,-6.156140941052603
9.396287519747235,-0.4149978316760834,-8.06249134219246,-5.9410102530744044
9.404284360189573,-0.6287173125173979,-8.228856983551694,-5.725879565096207
9.412281200631911,-0.8424367933587129,-8.395222624910927,-5.51074887711801
9.42027804107425,-0.7767758688784454,-8.29600631911541,-5.536403633491237
9.428274881516588,0.4575450236971484,-6.90809478672928,-7.568781990521668
9.436271721958926,-0.9047009838424583,-8.543137753585778,-6.534583251216115
9.444268562401263,-0.8775433969937316,-8.442583423271252,-6.506000484882616
9.4522654028436,-0.8503858101449988,-8.3420290929567,-6.47741771854911
9.46026224328594,-0.8232282232962661,-8.24147476264215,-6.448834952215604
9.468259083728277,-0.7960706364475334,-8.1409204323276,-6.420252185882098
9.476255924170616,-0.7689130495988006,-8.040366102013051,-6.391669419548592
9.484252764612954,-0.7417554627500679,-7.939811771698502,-6.363086653215086
9.492249605055292,-0.7145978759013351,-7.839257441383952,-6.33450388688158
9.50024644549763,-0.6874402890526023,-7.738703111069403,-6.305921120548074
9.508243285939969,-0.6602827022038695,-7.638148780754853,-6.277338354214568
9.516240126382305,-0.6331251153551429,-7.537594450440325,-6.248755587881068
9.524236966824644,-0.6059675285064101,-7.437040120125776,-6.220172821547562
9.532233807266982,-0.27948341232243157,-7.767793048972929,-6.474840442337928
9.54023064770932,-0.56642285413376,-7.198246972090574,-5.803614533965244
9.548227488151658,-0.3214939846883002,-7.1703605541378055,-5.859592417061611
9.556224328593997,-0.07656511524284038,-7.142474136185037,-5.915570300157978
9.564221169036335,0.1683637542026195,-7.114587718232268,-5.971548183254345
9.572218009478673,0.4132926236480794,-7.086701300279499,-6.027526066350712
9.58021484992101,0.6582214930934849,-7.058814882326736,-6.083503949447067
9.588211690363348,0.9031503625389448,-7.030928464373967,-6.139481832543434
9.596208530805686,1.1480792319844046,-7.003042046421198,-6.195459715639801
9.604205371248025,1.3930081014298643,-6.975155628468429,-6.251437598736168
9.612202211690363,1.6379369708753242,-6.9472692105156595,-6.307415481832535
9.620199052132701,1.1631485781990518,-8.07091374407583,-6.763568199052132
9.62819589257504,1.09077717219589,-8.123692890995263,-6.660648862559238
9.636192733017378,1.0184057661927284,-8.176472037914696,-6.557729526066344
9.644189573459714,0.9460343601895829,-8.229251184834117,-6.454810189573473
9.652186413902053,0.8736629541864211,-8.28203033175355,-6.351890853080579
9.66018325434439,0.8012915481832594,-8.334809478672982,-6.248971516587685
9.66818009478673,0.7289201421800977,-8.387588625592416,-6.146052180094791
9.676176935229067,0.656548736176936,-8.440367772511848,-6.043132843601897
9.684173775671406,0.5841773301737744,-8.49314691943128,-5.940213507109003
9.692170616113744,0.5118059241706127,-8.545926066350715,-5.837294170616109
9.700167456556082,0.43943451816745094,-8.598705213270147,-5.734374834123215
9.70816429699842,0.3670631121642892,-8.65148436018958,-5.631455497630321
9.716161137440757,0.2946917061611436,-8.704263507109001,-5.528536161137449
9.724157977883095,1.399057902328472,-7.309998282849096,-5.699036540971204
9.732154818325434,1.300748918194944,-7.309911360670375,-5.802126244934391
9.740151658767772,1.2024399340614165,-7.309824438491654,-5.9052159488975775
9.74814849921011,1.1041309499278888,-7.309737516312933,-6.008305652860764
9.756145339652448,1.0058219657943612,-7.3096505941342125,-6.11139535682395
9.764142180094787,0.9075129816608336,-7.309563671955491,-6.214485060787137
9.772139020537125,0.8092039975273059,-7.3094767497767705,-6.317574764750323
9.780135860979462,0.7108950133938,-7.309389827598049,-6.420664468713486
9.7881327014218,0.6125860292602724,-7.309302905419329,-6.523754172676673
9.796129541864138,0.5142770451267447,-7.309215983240607,-6.626843876639859
9.804126382306476,0.41596806099321704,-7.309129061061887,-6.729933580603046
9.812123222748815,0.3176590768596894,-7.309042138883165,-6.833023284566233
9.820120063191153,-0.9145710900469736,-3.972998420220196,-8.48268325434535
9.828116903633491,-1.4484519830381608,-5.635035170865553,-6.932738837615367
9.83611374407583,-1.2489518583187755,-5.649682015465204,-7.017842055375409
9.844110584518168,-1.0494517335993903,-5.664328860064855,-7.10294527313545
9.852107424960504,-0.8499516088800493,-5.678975704664503,-7.188048490895473
9.860104265402843,-0.650451484160664,-5.693622549264154,-7.273151708655514
9.86810110584518,-0.45095135944127884,-5.708269393863805,-7.358254926415556
9.87609794628752,-0.25145123472189357,-5.722916238463456,-7.443358144175598
9.884094786729857,-0.051951110002508294,-5.737563083063107,-7.528461361935639
9.892091627172196,0.14754901471687698,-5.752209927662758,-7.613564579695681
9.900088467614534,0.34704913943626226,-5.766856772262409,-7.698667797455722
9.908085308056872,0.5465492641556478,-5.781503616862061,-7.783771015215764
9.916082148499209,0.8033112164284983,-5.918976303315045,-7.731140600318729
9.924078988941547,0.9920705443056189,-6.040657604480822,-7.548773000143619
9.932075829383885,0.9403091770788481,-6.122879663937954,-7.509224989228783
9.940072669826224,0.8885478098520772,-6.205101723395085,-7.469676978313947
9.948069510268562,0.8367864426253063,-6.2873237828522175,-7.43012896739911
9.9560663507109,0.7850250753985355,-6.369545842309349,-7.390580956484274
9.964063191153238,0.7332637081717646,-6.45176790176648,-7.351032945569438
9.972060031595577,0.6815023409449937,-6.533989961223613,-7.311484934654602
9.980056872037915,0.6297409737182229,-6.616212020680744,-7.271936923739766
9.988053712480252,0.5779796064914635,-6.698434080137858,-7.232388912824939
9.99605055292259,0.5262182392646927,-6.780656139594989,-7.192840901910102
10.004047393364928,0.47445687203792186,-6.862878199052121,-7.1532928909952656
10.012044233807266,0.4226955048111509,-6.945100258509253,-7.1137448800804295
10.020041074249605,0.3709341375843801,-7.027322317966385,-7.074196869165593
10.028037914691943,0.31917277035760927,-7.109544377423516,-7.034648858250757
10.036034755134281,0.6930489731436745,-6.506445497630165,-7.367993680884775
10.04403159557662,0.13870458135861333,-5.62773565034229,-7.460642443391261
10.052028436018956,0.20021873860735473,-5.703603110949071,-7.493449993923923
10.060025276461294,0.2617328958561098,-5.779470571555869,-7.526257544456592
10.068022116903633,0.3232470531048649,-5.855338032162667,-7.559065094989261
10.07601895734597,0.38476121035362,-5.931205492769465,-7.5918726455219305
10.08401579778831,0.4462753676023751,-6.007072953376262,-7.6246801960546
10.092012638230647,0.5077895248511302,-6.082940413983061,-7.657487746587269
10.100009478672986,0.5693036820998852,-6.158807874589859,-7.690295297119938
10.108006319115324,0.6308178393486402,-6.234675335196656,-7.7231028476526085
10.116003159557662,0.6923319965973953,-6.310542795803455,-7.755910398185278
10.124,0.1,-6.32,-7.26
